Province.State,Country.Region,Lat,Long,X1.22.20,X1.23.20,X1.24.20,X1.25.20,X1.26.20,X1.27.20,X1.28.20,X1.29.20,X1.30.20,X1.31.20,X2.1.20,X2.2.20,X2.3.20,X2.4.20,X2.5.20,X2.6.20,X2.7.20,X2.8.20,X2.9.20,X2.10.20,X2.11.20,X2.12.20,X2.13.20,X2.14.20,X2.15.20,X2.16.20,X2.17.20,X2.18.20,X2.19.20,X2.20.20,X2.21.20,X2.22.20,X2.23.20,X2.24.20,X2.25.20,X2.26.20,X2.27.20,X2.28.20,X2.29.20,X3.1.20,X3.2.20,X3.3.20,X3.4.20,X3.5.20,X3.6.20,X3.7.20,X3.8.20,X3.9.20,X3.10.20,X3.11.20,X3.12.20,X3.13.20,X3.14.20,X3.15.20,X3.16.20,X3.17.20,X3.18.20,X3.19.20,X3.20.20,X3.21.20,X3.22.20,X3.23.20,X3.24.20,X3.25.20,X3.26.20,X3.27.20,X3.28.20,X3.29.20,X3.30.20,X3.31.20,X4.1.20,X4.2.20,X4.3.20,X4.4.20,X4.5.20,X4.6.20,X4.7.20,X4.8.20,X4.9.20,X4.10.20,X4.11.20,X4.12.20,X4.13.20,X4.14.20,X4.15.20,X4.16.20,X4.17.20,X4.18.20,X4.19.20,X4.20.20,X4.21.20,X4.22.20,X4.23.20,X4.24.20,X4.25.20,X4.26.20,X4.27.20,X4.28.20,X4.29.20,X4.30.20,X5.1.20,X5.2.20,X5.3.20,X5.4.20,X5.5.20,X5.6.20,X5.7.20,X5.8.20,X5.9.20,X5.10.20,X5.11.20,X5.12.20,X5.13.20,X5.14.20,X5.15.20,X5.16.20,X5.17.20,X5.18.20,X5.19.20,X5.20.20,X5.21.20,X5.22.20,X5.23.20,X5.24.20,X5.25.20,X5.26.20,X5.27.20,X5.28.20,X5.29.20,X5.30.20,X5.31.20,X6.1.20,X6.2.20,X6.3.20,X6.4.20,X6.5.20,X6.6.20,X6.7.20,X6.8.20,X6.9.20,X6.10.20,X6.11.20,X6.12.20,X6.13.20,X6.14.20,X6.15.20,X6.16.20,X6.17.20,X6.18.20,X6.19.20,X6.20.20,X6.21.20
,Argentina,-38.4161,-63.6167,0,0,0,0,0,0,0,0,0,0,0,0,0,0,0,0,0,0,0,0,0,0,0,0,0,0,0,0,0,0,0,0,0,0,0,0,0,0,0,0,0,0,0,0,0,0,0,0,0,0,0,0,1,1,1,3,3,3,3,3,3,3,52,52,63,72,72,72,228,240,248,256,266,279,280,325,338,358,365,375,440,468,515,559,596,631,666,685,709,737,840,872,919,976,1030,1107,1140,1162,1192,1256,1292,1320,1354,1442,1472,1524,1601,1659,1728,1757,1837,1862,2266,2385,2497,2534,2569,2625,2872,2933,3032,3062,3530,3732,3999,4167,4349,4617,4788,4788,5336,5521,5709,5896,5993,6088,6180,6909,7305,7568,7991,8332,8743,9083,9564,9891,10174,10512,10721,11851,12206,12728
,Brazil,-14.235,-51.9253,0,0,0,0,0,0,0,0,0,0,0,0,0,0,0,0,0,0,0,0,0,0,0,0,0,0,0,0,0,0,0,0,0,0,0,0,0,0,0,0,0,0,0,0,0,0,0,0,0,0,0,0,0,0,1,2,2,2,2,2,2,2,2,2,6,6,6,6,120,127,127,127,127,127,127,127,127,127,173,173,173,173,173,3046,14026,14026,14026,14026,22130,22130,22991,25318,26573,27655,29160,30152,31142,32544,34132,35935,38039,40937,42991,45815,48221,51370,55350,59297,61685,64957,67384,72597,78424,79479,84970,89672,94122,100459,106794,116683,125960,135430,142587,149911,153833,158593,166647,177604,189476,200892,206555,211080,223638,238617,254963,266940,277149,283952,378257,396737,413916,429965,445123,459436,469141,477709,490005,521046,534580,551631,576779,588118
Anhui,China,31.8257,117.2264,0,0,0,0,0,0,0,2,2,3,5,7,14,20,23,34,47,59,72,88,105,127,157,193,221,255,280,361,413,474,539,597,637,663,712,744,792,821,868,873,917,936,956,970,979,979,984,984,984,984,984,984,984,984,984,984,984,984,984,984,984,984,984,984,984,984,984,984,984,984,984,984,984,984,984,984,984,984,984,984,984,984,984,984,984,984,984,984,984,984,984,984,984,985,985,985,985,985,985,985,985,985,985,985,985,985,985,985,985,985,985,985,985,985,985,985,985,985,985,985,985,985,985,985,985,985,985,985,985,985,985,985,985,985,985,985,985,985,985,985,985,985,985,985,985,985,985,985,985,985,985,985
Beijing,China,40.1824,116.4142,0,0,1,2,2,2,4,4,4,5,9,9,12,23,24,31,33,34,37,44,48,56,69,80,98,108,114,122,145,153,169,178,189,198,215,235,248,257,271,276,282,288,297,297,299,303,308,315,320,326,334,342,349,353,360,369,378,380,390,396,400,400,401,403,406,408,410,412,415,418,418,424,434,438,441,443,448,455,464,469,474,479,484,491,495,503,509,509,510,514,516,518,524,525,525,525,536,538,542,547,547,547,553,554,555,557,560,560,565,568,571,573,574,574,576,577,578,578,578,578,578,579,581,581,581,581,581,581,581,581,581,581,581,583,583,583,583,583,584,584,584,584,584,584,584,584,584,584,584,584,584,584
Chongqing,China,30.0572,107.874,0,0,0,0,0,0,0,1,1,1,3,7,9,9,15,24,31,39,51,66,79,102,128,152,184,207,225,254,274,299,316,328,335,349,372,384,401,422,438,450,469,490,502,512,513,526,527,542,547,554,564,566,569,570,570,570,570,570,570,570,570,570,570,570,570,570,570,570,570,570,570,570,570,570,570,570,570,570,570,570,570,570,570,570,570,570,570,570,570,570,570,570,573,573,573,573,573,573,573,573,573,573,573,573,573,573,573,573,573,573,573,573,573,573,573,573,573,573,573,573,573,573,573,573,573,573,573,573,573,573,573,573,573,573,573,573,573,573,573,573,573,573,573,573,573,573,573,573,573,573,573,573
Fujian,China,26.0789,117.9874,0,0,0,0,0,0,0,0,0,0,0,0,1,3,11,14,20,24,35,39,45,53,57,63,71,82,90,93,112,126,149,162,170,183,199,218,228,235,243,247,255,260,270,277,284,295,295,295,295,295,295,295,295,295,295,295,295,295,295,295,295,295,295,295,295,295,295,295,295,295,298,299,300,301,303,305,305,308,308,311,317,321,325,329,331,333,334,336,339,339,341,342,346,349,349,349,349,352,353,353,353,353,353,353,353,354,354,354,354,354,354,354,354,355,355,355,355,355,355,355,355,355,355,355,355,355,355,355,355,355,355,356,356,356,356,356,356,356,356,356,356,356,356,356,356,356,356,356,357,357,357,357
Gansu,China,37.8099,101.0583,0,0,0,0,0,0,0,0,0,0,0,3,3,4,6,6,9,12,16,17,24,31,39,39,49,54,58,62,65,71,76,76,78,80,80,81,81,82,82,84,85,86,87,87,87,87,87,88,88,88,88,88,89,91,91,91,91,91,98,113,114,114,119,119,121,123,125,125,125,125,127,127,127,131,131,132,132,133,135,135,135,135,135,136,136,137,137,137,137,137,137,137,137,137,137,137,137,137,137,137,137,137,137,137,137,137,137,137,137,137,137,137,137,137,137,137,137,137,137,137,137,137,137,137,137,137,137,137,137,137,137,137,137,137,137,137,137,137,137,137,137,137,137,137,137,137,137,137,137,137,137,137
Guangdong,China,23.3417,113.4244,0,2,2,2,2,4,4,5,10,11,14,15,21,30,49,69,88,112,141,167,212,275,314,362,410,465,524,565,606,642,690,728,755,786,822,851,890,935,983,1016,1059,1101,1133,1181,1216,1237,1256,1260,1274,1282,1289,1296,1299,1304,1306,1307,1313,1318,1323,1325,1329,1332,1333,1336,1336,1337,1341,1349,1351,1356,1357,1365,1368,1378,1387,1395,1401,1411,1423,1434,1437,1443,1454,1458,1462,1471,1475,1482,1490,1494,1501,1511,1528,1534,1542,1542,1547,1554,1557,1565,1565,1567,1569,1571,1575,1575,1575,1575,1576,1577,1578,1578,1579,1579,1579,1579,1579,1579,1579,1579,1579,1580,1580,1581,1581,1581,1582,1582,1583,1583,1583,1583,1583,1583,1584,1584,1584,1585,1586,1587,1588,1589,1590,1590,1590,1592,1593,1603,1604,1604,1614,1614
Guangxi,China,23.8298,108.7881,0,0,0,0,0,0,2,2,2,2,2,2,7,10,13,14,17,17,18,24,33,32,33,36,44,49,53,69,86,90,97,104,106,112,134,147,161,168,176,181,192,202,210,214,217,218,223,230,234,238,241,243,243,243,248,248,250,250,250,250,250,250,250,250,250,250,250,250,250,250,250,252,252,252,252,252,252,252,252,252,252,252,252,252,252,252,252,252,252,252,252,252,252,252,252,252,252,252,252,252,252,252,252,252,252,252,252,252,252,252,252,252,252,252,252,252,252,252,252,252,252,252,252,252,252,252,252,252,252,252,252,252,252,252,252,252,252,252,252,252,252,252,252,252,252,252,252,252,252,252,252,252
Guizhou,China,26.8154,106.8748,0,0,0,0,0,0,0,1,1,2,2,2,2,2,9,6,6,7,7,10,17,18,27,28,41,46,57,66,70,72,77,90,102,102,104,104,112,112,112,112,114,114,114,114,114,115,117,123,129,133,137,140,143,143,144,144,144,144,144,144,144,144,144,144,144,144,144,144,144,144,144,144,144,144,144,144,144,144,144,144,144,144,144,144,144,144,144,144,145,145,145,145,145,145,145,145,145,145,145,145,145,145,145,145,145,145,145,145,145,145,145,145,145,145,145,145,145,145,145,145,145,145,145,145,145,145,145,145,145,145,145,145,145,145,145,145,145,145,145,145,145,145,145,145,145,145,145,145,145,145,145,145
Hainan,China,19.1959,109.7453,0,0,0,0,0,0,0,0,1,1,1,4,4,5,5,8,10,14,19,19,20,27,30,43,39,52,59,79,84,86,95,104,106,116,124,129,131,133,148,149,151,155,158,158,158,158,159,159,159,159,160,160,160,160,161,161,161,161,161,161,161,161,168,168,168,168,168,168,168,168,168,162,162,162,162,162,162,162,162,162,162,162,162,162,162,162,162,162,162,162,162,162,162,162,162,162,162,162,162,162,162,162,162,162,162,162,162,162,162,162,162,162,162,162,162,162,162,162,162,162,162,162,162,162,162,162,162,162,163,163,163,163,163,163,163,163,162,162,162,162,162,162,162,162,162,163,163,163,163,163,163,163
Hebei,China,39.549,116.1306,0,0,0,0,0,0,0,0,0,0,0,3,3,4,6,13,22,30,34,41,48,54,68,87,101,105,122,136,152,169,184,203,219,234,248,261,274,277,282,294,296,300,301,304,305,307,307,307,307,307,308,310,310,310,310,310,310,310,310,310,310,310,310,310,310,310,310,310,310,310,310,310,310,310,310,310,312,312,313,313,313,313,313,314,314,315,316,316,316,317,317,317,317,318,318,318,318,318,318,318,318,318,318,320,320,320,320,320,321,321,321,321,321,321,321,321,322,322,322,322,322,322,322,322,322,322,322,322,322,322,322,322,322,322,322,322,322,322,322,322,322,322,322,322,322,322,322,322,322,322,322,322
Heilongjiang,China,47.862,127.7615,0,0,0,0,0,0,0,0,0,0,2,2,2,4,7,8,12,13,14,30,28,31,33,47,68,79,85,111,120,136,175,204,222,227,243,249,270,283,301,342,356,366,373,379,396,403,412,430,434,436,441,446,447,453,455,456,459,460,463,463,466,465,468,468,469,469,469,469,469,469,469,469,469,469,469,469,469,470,470,470,470,470,470,470,470,471,471,472,472,472,475,479,485,508,511,556,586,587,587,587,605,604,657,719,758,793,815,815,891,904,924,929,930,930,931,932,932,932,932,932,932,932,932,932,932,932,932,932,932,932,932,932,932,934,934,934,934,934,934,934,934,934,934,934,934,934,934,934,934,934,934,934
Henan,China,33.882,113.614,0,0,0,0,0,0,0,1,2,3,3,10,16,27,47,56,86,116,153,191,218,246,296,357,391,440,509,522,573,637,736,830,868,943,1002,1033,1068,1112,1170,1198,1205,1231,1234,1239,1244,1244,1247,1247,1247,1249,1249,1249,1250,1250,1250,1250,1250,1250,1250,1250,1250,1250,1250,1250,1250,1250,1251,1251,1251,1251,1251,1251,1251,1251,1251,1252,1252,1252,1252,1252,1252,1253,1253,1254,1254,1254,1254,1254,1254,1254,1254,1254,1254,1254,1254,1254,1254,1254,1254,1254,1254,1254,1254,1254,1254,1254,1254,1254,1254,1254,1254,1254,1254,1254,1254,1254,1254,1254,1254,1254,1254,1254,1254,1254,1254,1254,1254,1254,1254,1254,1254,1254,1254,1254,1254,1254,1254,1254,1254,1254,1254,1254,1254,1254,1254,1254,1254,1254,1254,1254,1254,1254
Hong Kong,China,22.3,114.2,0,0,0,0,0,0,0,0,0,0,0,0,0,0,0,0,0,0,0,0,0,1,1,1,1,2,2,2,5,6,5,6,11,19,19,24,24,30,33,36,36,37,37,43,46,51,58,59,65,65,67,77,78,81,84,88,92,95,98,98,100,100,101,102,110,110,112,112,123,128,147,147,173,173,206,216,216,264,293,309,336,360,360,434,459,485,533,568,602,630,650,678,699,725,753,772,787,811,830,846,859,864,879,900,920,932,944,960,967,982,985,991,1008,1009,1019,1022,1024,1025,1025,1025,1025,1029,1029,1030,1030,1033,1034,1035,1035,1036,1037,1037,1038,1039,1042,1045,1048,1049,1049,1050,1051,1055,1060,1061,1067,1067,1069,1071,1072,1072,1077,1078
Hubei,China,30.9756,112.2707,28,28,31,32,42,45,80,88,90,141,168,295,386,522,633,817,1115,1439,1795,2222,2639,2686,3459,4774,5623,6639,7862,9128,10337,11788,11881,15299,15343,16748,18971,20969,23383,26403,28993,31536,33934,36208,38557,40592,42033,43500,45235,46488,47743,49134,50318,51553,52960,54288,55142,56003,56927,57682,58382,58946,59433,59879,60324,60811,61201,61732,62098,62570,62889,63153,63326,63471,63612,63762,63945,64014,64073,64142,64187,64236,64264,64281,64338,64363,64402,64435,63487,63494,63507,63511,63514,63519,63569,63593,63604,63616,63616,63616,63616,63616,63616,63616,63616,63616,63616,63616,63616,63616,63616,63616,63616,63616,63616,63616,63616,63616,63616,63616,63616,63616,63616,63616,63616,63617,63617,63618,63618,63618,63619,63619,63620,63620,63620,63620,63623,63623,63623,63623,63623,63623,63623,63623,63623,63623,63623,63623,63623,63623,63623,63623,63623,63623
Hunan,China,27.6104,111.7088,0,0,0,0,0,0,0,0,2,2,8,16,22,31,54,81,112,156,186,208,247,304,339,364,425,464,498,527,561,634,661,692,714,731,768,783,804,830,846,866,887,906,916,938,955,960,968,979,990,995,999,1005,1014,1014,1014,1014,1014,1014,1014,1014,1014,1014,1014,1014,1014,1014,1014,1014,1014,1014,1014,1014,1014,1014,1014,1014,1014,1014,1014,1014,1014,1014,1014,1014,1014,1014,1014,1015,1015,1015,1015,1015,1015,1015,1015,1015,1015,1015,1015,1015,1015,1015,1015,1015,1015,1015,1015,1015,1015,1015,1015,1015,1015,1015,1015,1015,1015,1015,1015,1015,1015,1015,1015,1015,1015,1015,1015,1015,1015,1015,1015,1015,1015,1015,1015,1015,1015,1015,1015,1015,1015,1015,1015,1015,1015,1015,1015,1015,1015,1015,1015,1015
Inner Mongolia,China,44.0935,113.9448,0,0,0,0,0,0,0,0,0,1,1,1,1,1,3,4,5,5,5,5,5,6,6,6,7,8,8,8,10,16,17,26,27,34,35,38,43,45,49,52,54,59,63,65,65,67,70,70,70,71,71,71,71,71,73,73,73,74,74,74,74,74,74,74,74,74,74,74,74,74,74,74,74,74,74,74,74,74,79,79,79,83,83,91,94,94,103,104,104,104,108,108,108,114,121,129,145,146,150,152,154,154,156,160,167,171,172,172,184,187,188,190,190,194,196,196,196,196,196,196,196,199,199,201,204,205,205,205,205,206,207,209,209,212,213,213,213,218,226,230,230,231,232,232,232,234,234,234,234,234,235,235
Jiangsu,China,32.9711,119.455,0,0,0,1,1,1,1,1,1,5,6,7,8,12,23,34,43,51,71,81,93,125,139,157,186,218,258,280,318,356,373,401,418,452,458,478,498,515,523,536,543,562,577,583,594,606,612,621,627,627,629,630,630,631,631,631,631,631,631,631,631,631,631,631,631,631,631,631,631,631,631,631,632,632,633,633,633,633,633,634,636,638,638,641,642,642,643,643,643,643,644,645,646,646,646,646,646,647,648,650,650,650,650,650,650,651,652,652,652,653,653,653,653,653,653,653,653,653,653,653,653,653,653,653,653,653,653,653,653,653,653,653,653,653,653,653,653,653,653,653,653,653,653,653,653,653,653,653,653,653,653,653
Jiangxi,China,27.614,115.7221,0,0,0,0,0,2,3,3,5,7,9,12,18,20,27,37,45,55,73,105,128,152,170,187,210,240,275,310,362,433,489,555,613,645,683,719,754,790,811,831,850,870,884,901,909,916,919,923,927,932,934,934,934,934,934,934,934,934,934,934,934,934,934,934,934,934,934,934,935,935,935,935,935,935,935,935,935,935,935,936,936,936,936,936,936,936,936,936,936,936,936,936,936,936,936,936,936,936,936,936,936,936,936,936,936,936,936,936,936,936,936,936,936,936,936,936,936,936,936,936,936,936,936,936,936,936,936,936,936,936,936,936,936,931,931,931,931,931,931,931,931,931,931,931,931,931,931,931,931,931,931,931
Jilin,China,43.6661,126.1923,0,0,0,0,0,0,0,0,1,1,1,1,1,1,2,4,4,4,12,13,18,22,24,25,26,30,34,36,37,43,45,52,54,60,63,65,67,73,75,78,83,83,86,88,90,90,90,91,91,91,91,91,91,91,92,92,92,92,92,92,92,92,92,92,92,92,92,92,92,92,92,92,92,92,92,92,92,93,93,95,96,96,96,96,96,96,97,97,97,97,97,98,99,99,99,99,99,99,99,101,102,102,103,103,103,103,104,104,105,105,105,108,108,108,108,113,122,123,123,123,123,128,128,128,128,128,133,136,142,144,144,147,147,148,149,150,151,153,153,153,153,153,153,153,153,153,153,153,153,153,153,153
Liaoning,China,41.2956,122.6085,0,0,0,0,0,0,0,1,1,1,1,1,1,2,4,5,7,8,12,13,19,20,22,29,31,40,43,53,55,59,61,66,73,80,83,88,93,93,96,103,103,106,106,106,106,107,109,109,111,111,112,112,113,114,115,120,122,122,122,122,124,124,124,124,124,124,124,124,124,124,124,124,124,125,126,128,130,131,132,132,133,136,136,138,138,140,140,142,142,143,143,143,143,143,143,143,143,143,143,143,144,144,144,144,144,144,144,144,144,144,144,144,144,144,144,144,144,144,144,144,144,144,144,145,147,147,147,147,147,147,147,147,147,147,147,147,147,147,147,147,147,147,147,147,147,147,147,147,147,147,147,147
Macau,China,22.1667,113.55,0,0,0,0,0,0,0,0,0,0,0,0,0,0,0,1,1,1,1,1,1,2,3,3,3,5,5,5,5,6,6,6,6,6,7,7,8,8,8,8,8,9,9,9,10,10,10,10,10,10,10,10,10,10,10,10,10,10,10,10,10,10,10,10,10,10,10,10,10,10,10,10,10,10,10,10,10,10,10,10,10,13,13,13,16,16,16,17,20,22,24,26,27,27,28,31,32,33,34,35,35,37,39,39,39,40,40,40,40,41,42,42,43,43,43,44,44,44,44,44,44,45,45,45,45,45,45,45,45,45,45,45,45,45,45,45,45,45,45,45,45,45,45,45,45,45,45,45,45,45,45,45
Ningxia,China,37.2692,106.1655,0,0,0,0,0,0,0,0,0,0,0,0,1,1,1,1,5,15,13,13,22,24,24,24,33,33,35,42,42,44,48,48,56,58,61,65,68,68,69,69,69,69,69,69,71,71,71,71,71,72,72,72,73,73,75,75,75,75,75,75,75,75,75,75,75,75,75,75,75,75,75,75,75,75,75,75,75,75,75,75,75,75,75,75,75,75,75,75,75,75,75,75,75,75,75,75,75,75,75,75,75,75,75,75,75,75,75,75,75,75,75,75,75,75,75,75,75,75,75,75,75,75,75,75,75,75,75,75,75,75,75,75,75,75,75,75,75,75,75,75,75,75,75,75,75,75,75,75,75,75,75,75
Qinghai,China,35.7452,95.9956,0,0,0,0,0,0,0,0,0,0,0,0,0,0,3,3,3,3,3,3,5,9,11,11,13,13,13,15,16,16,18,18,18,18,18,18,18,18,18,18,18,18,18,18,18,18,18,18,18,18,18,18,18,18,18,18,18,18,18,18,18,18,18,18,18,18,18,18,18,18,18,18,18,18,18,18,18,18,18,18,18,18,18,18,18,18,18,18,18,18,18,18,18,18,18,18,18,18,18,18,18,18,18,18,18,18,18,18,18,18,18,18,18,18,18,18,18,18,18,18,18,18,18,18,18,18,18,18,18,18,18,18,18,18,18,18,18,18,18,18,18,18,18,18,18,18,18,18,18,18,18,18
Shaanxi,China,35.1917,108.8701,0,0,0,0,0,0,0,0,0,0,0,0,0,2,6,9,17,20,25,30,32,43,46,54,60,71,79,89,102,118,134,149,163,173,186,192,195,199,207,208,216,216,223,224,226,226,227,227,227,232,232,232,232,232,233,236,237,237,237,239,239,239,240,240,242,242,242,242,242,242,242,242,244,245,245,246,246,246,246,246,248,248,248,248,251,251,252,252,252,252,253,253,253,253,253,253,253,253,253,254,254,255,263,263,264,266,268,268,293,294,296,297,297,300,301,301,301,303,303,303,303,304,305,305,305,305,305,305,305,305,305,305,305,305,305,305,305,305,305,305,306,306,306,306,306,306,306,306,306,306,306,306
Shandong,China,36.3427,118.1498,0,0,0,0,0,0,0,1,1,2,3,6,7,11,15,27,37,44,63,66,80,92,105,136,156,173,191,211,231,254,281,302,321,343,355,377,387,405,421,443,460,511,516,578,618,627,642,700,719,726,734,739,741,741,746,746,746,747,748,749,750,751,752,752,752,752,752,752,753,753,753,753,754,755,755,755,755,755,756,756,757,757,758,759,761,761,761,765,765,765,765,766,766,767,767,768,768,771,772,772,772,772,773,773,775,775,776,776,776,777,777,777,777,778,780,780,780,780,780,780,780,780,780,780,780,780,780,780,780,780,780,780,780,780,780,780,780,781,781,781,781,781,781,782,782,783,783,783,783,783,785,785
Shanghai,China,31.202,121.4491,0,0,1,1,1,3,4,5,5,9,10,10,10,12,15,25,30,41,44,48,52,57,62,90,124,140,161,177,186,199,211,227,249,261,268,272,276,279,287,290,292,294,298,303,306,313,314,315,319,320,321,324,324,324,325,325,326,326,326,327,328,329,330,330,331,334,334,334,338,341,341,343,348,356,383,389,406,418,422,435,438,446,446,468,485,489,512,512,521,530,530,534,533,558,558,568,581,584,597,599,612,612,615,619,620,620,623,623,626,627,627,631,633,638,640,641,641,641,641,641,641,647,647,648,652,653,655,655,657,657,657,660,661,661,662,663,664,664,664,665,665,666,666,666,667,667,667,668,668,668,668,668
Shanxi,China,37.5777,112.2922,0,0,0,0,0,0,0,1,1,1,1,3,2,4,5,12,15,21,25,25,30,33,36,38,46,50,53,61,68,76,78,81,88,94,98,104,107,112,114,116,119,124,124,126,126,126,126,127,131,131,132,133,133,133,133,133,133,133,133,133,133,133,133,133,133,133,133,133,133,133,133,133,133,133,133,133,133,134,134,134,135,135,135,135,135,135,135,135,135,135,140,140,142,149,154,157,160,160,164,172,172,176,180,190,193,194,195,195,197,197,197,198,198,198,198,198,198,198,198,198,198,198,198,198,198,198,198,198,198,198,198,198,198,198,198,198,198,198,198,198,198,198,198,198,198,198,198,198,198,198,198,198
Sichuan,China,30.6171,102.7103,0,0,0,0,0,0,0,1,1,1,3,11,14,14,24,31,42,60,71,80,85,92,104,114,119,131,156,169,188,217,231,250,261,276,289,307,321,338,351,365,386,394,406,425,442,454,464,466,478,488,498,503,511,516,516,520,525,536,536,536,536,536,536,536,536,536,536,536,536,536,537,537,537,538,539,540,541,541,541,546,547,547,548,548,550,552,552,553,554,554,554,556,558,558,558,558,558,558,558,558,558,558,558,558,558,558,558,558,558,558,558,558,558,558,558,558,558,558,558,558,558,558,558,558,558,558,558,558,558,558,558,558,558,558,558,558,558,558,558,558,560,561,562,563,563,564,565,567,569,569,570,570
Tianjin,China,39.3054,117.323,0,0,0,0,0,0,0,0,0,0,0,1,1,2,2,2,2,4,4,8,10,11,21,31,37,45,46,48,54,59,62,65,81,87,91,96,102,102,109,111,111,124,124,128,128,128,128,130,131,131,132,132,132,133,133,133,133,133,133,133,133,133,133,133,133,133,133,133,133,135,135,135,140,144,144,144,151,152,152,158,161,161,164,168,171,172,173,173,174,174,176,176,179,181,182,182,182,183,183,184,185,185,186,186,186,186,186,186,186,186,186,186,187,187,187,187,187,187,187,187,187,187,187,188,188,188,188,188,188,188,188,188,188,188,189,189,189,189,189,189,189,189,189,189,189,189,189,191,191,191,191,191
Tibet,China,31.6927,88.0924,0,0,0,0,0,0,0,0,0,0,0,0,0,0,0,0,0,0,0,0,0,1,1,1,1,1,1,1,1,1,1,1,1,1,1,1,1,1,1,1,1,1,1,1,1,1,1,1,1,1,1,1,1,1,1,1,1,1,1,1,1,1,1,1,1,1,1,1,1,1,1,1,1,1,1,1,1,1,1,1,1,1,1,1,1,1,1,1,1,1,1,1,1,1,1,1,1,1,1,1,1,1,1,1,1,1,1,1,1,1,1,1,1,1,1,1,1,1,1,1,1,1,1,1,1,1,1,1,1,1,1,1,1,1,1,1,1,1,1,1,1,1,1,1,1,1,1,1,1,1,1,1
Xinjiang,China,41.1129,85.2401,0,0,0,0,0,0,0,0,0,0,0,0,0,0,0,0,0,0,0,0,3,3,6,6,10,12,12,12,20,22,24,25,28,30,30,34,43,52,62,64,66,68,69,70,71,72,73,73,73,73,73,73,73,73,73,73,73,73,73,73,73,73,73,73,73,73,73,73,73,73,73,73,73,73,73,73,73,73,73,73,73,73,73,73,73,73,73,73,73,73,73,73,73,73,73,73,73,73,73,73,73,73,73,73,73,73,73,73,73,73,73,73,73,73,73,73,73,73,73,73,73,73,73,73,73,73,73,73,73,73,73,73,73,73,73,73,73,73,73,73,73,73,73,73,73,73,73,73,73,73,73,73
Yunnan,China,24.974,101.487,0,0,0,0,0,0,0,0,0,1,2,3,5,5,5,7,12,17,18,19,20,26,27,36,42,42,47,57,60,79,96,107,115,124,129,144,150,156,157,163,168,169,169,169,170,170,170,170,170,170,170,170,172,172,172,172,172,172,172,172,172,172,172,172,172,172,172,172,172,172,172,172,172,172,172,172,173,173,173,173,174,174,174,175,176,176,177,177,178,178,178,178,180,180,181,181,181,181,181,181,181,181,181,181,181,181,182,182,183,183,183,183,183,183,183,183,183,183,183,183,183,183,183,183,183,183,183,183,183,183,183,183,183,183,183,183,183,183,183,183,183,183,183,183,183,183,183,183,183,183,183,183
Zhejiang,China,29.1832,120.0934,0,0,1,1,1,1,3,3,4,14,21,32,43,62,78,94,123,175,201,242,270,321,360,403,428,456,507,535,604,633,679,719,760,782,808,867,932,975,1016,1046,1069,1093,1114,1124,1147,1154,1161,1176,1191,1195,1197,1197,1211,1211,1216,1216,1216,1217,1219,1219,1219,1221,1221,1221,1222,1222,1225,1225,1225,1226,1226,1228,1228,1229,1230,1230,1230,1232,1235,1235,1236,1238,1239,1242,1244,1244,1246,1246,1247,1249,1251,1252,1256,1256,1257,1258,1261,1262,1263,1264,1265,1265,1265,1267,1267,1267,1267,1267,1267,1267,1267,1267,1267,1267,1267,1267,1267,1267,1267,1267,1267,1267,1267,1267,1267,1267,1267,1267,1267,1267,1267,1267,1267,1267,1267,1267,1267,1267,1267,1267,1267,1267,1267,1267,1267,1267,1267,1267,1267,1267,1267,1267
,Japan,36,138,0,0,0,0,1,1,1,1,1,1,1,1,1,1,1,1,1,1,1,4,9,9,9,9,12,12,12,13,18,18,22,22,22,22,22,22,22,22,32,32,32,43,43,43,46,76,76,76,101,118,118,118,118,118,144,144,144,150,191,232,235,235,285,310,359,372,404,424,424,424,472,472,514,514,514,575,592,622,632,685,762,762,784,799,853,901,935,1069,1159,1159,1239,1356,1494,1530,1656,1809,1899,1899,2368,2460,2975,3205,3981,4156,4496,4496,4918,5146,5906,8127,8293,8531,8920,9868,10338,10338,11153,11564,11564,11564,12672,13005,13244,13413,13612,13810,13973,14096,14213,14267,14342,14463,14585,14702,14785,14925,14927,14990,15043,15141,15217,15233,15362,15458,15514,15567,15652,15753,15753,15844,15948,15948
,Norway,60.472,8.4689,0,0,0,0,0,0,0,0,0,0,0,0,0,0,0,0,0,0,0,0,0,0,0,0,0,0,0,0,0,0,0,0,0,0,0,0,0,0,0,0,0,0,0,0,0,0,0,1,1,1,1,1,1,1,1,1,1,1,1,1,1,1,6,6,6,6,7,7,12,13,13,32,32,32,32,32,32,32,32,32,32,32,32,32,32,32,32,32,32,32,32,32,32,32,32,32,32,32,32,32,32,32,32,32,32,32,32,32,32,32,32,32,32,32,32,32,32,32,32,32,32,7727,7727,7727,7727,7727,7727,7727,7727,7727,7727,7727,7727,7727,8138,8138,8138,8138,8138,8138,8138,8138,8138,8138,8138,8138,8138,8138,8138,8138,8138,8138
,Sweden,63,16,0,0,0,0,0,0,0,0,0,0,0,0,0,0,0,0,0,0,0,0,0,0,0,0,0,0,0,0,0,0,0,0,0,0,0,0,0,0,0,0,0,0,0,0,0,0,0,0,0,0,0,0,0,0,0,0,0,0,0,0,0,0,0,0,0,0,0,0,0,0,0,0,0,0,0,0,0,0,0,0,0,0,0,0,0,0,0,0,0,0,0,0,0,0,0,0,0,0,0,0,0,0,0,0,0,0,0,0,0,0,0,0,0,0,0,0,0,0,0,0,0,0,0,0,0,0,0,0,0,0,0,0,0,0,0,0,0,0,0,0,0,0,0,0,0,0,0,0,0,0,0,0
,US,37.0902,-95.7129,0,0,0,0,0,0,0,0,0,0,0,0,0,0,0,0,0,0,3,3,3,3,3,3,3,3,3,3,3,3,5,5,5,5,6,6,6,7,7,7,7,7,7,7,7,7,7,7,8,8,12,12,12,12,17,17,105,121,147,176,178,178,348,361,681,869,1072,2665,5644,7024,8474,9001,9707,14652,17448,19581,21763,23559,25410,28790,31270,32988,43482,47763,52096,54703,58545,64840,70337,72329,75204,77366,80203,99079,100372,106988,111424,115936,120720,153947,164015,175382,180152,187180,189791,189910,195036,198993,212534,216169,232733,230287,243430,246414,250747,268376,272265,283178,289392,294312,298418,350135,361239,366736,379157,384902,391508,399991,406446,416461,444758,458231,463868,479258,485002,491706,500849,506367,518522,524855,533504,540292,547386,556606,561816,576334,583503,592191,599115,606715,617460,622133
