country,date,confirmed,recovered,deaths,confirmed.inc,deaths.inc,recovered.inc,rate.upper,rate.lower,rate.daily,rate.inc.daily,remaining.confirmed,death.rate.min,death.rate.max
Argentina,2020-01-22,0,0,0,NA,NA,NA,NaN,NaN,NA,NA,0,NaN,NaN
Argentina,2020-01-23,0,0,0,0,0,0,NaN,NaN,NaN,NaN,0,NaN,NaN
Argentina,2020-01-24,0,0,0,0,0,0,NaN,NaN,NaN,NaN,0,NaN,NaN
Argentina,2020-01-25,0,0,0,0,0,0,NaN,NaN,NaN,NaN,0,NaN,NaN
Argentina,2020-01-26,0,0,0,0,0,0,NaN,NaN,NaN,NaN,0,NaN,NaN
Argentina,2020-01-27,0,0,0,0,0,0,NaN,NaN,NaN,NaN,0,NaN,NaN
Argentina,2020-01-28,0,0,0,0,0,0,NaN,NaN,NaN,NaN,0,NaN,NaN
Argentina,2020-01-29,0,0,0,0,0,0,NaN,NaN,NaN,NaN,0,NaN,NaN
Argentina,2020-01-30,0,0,0,0,0,0,NaN,NaN,NaN,NaN,0,NaN,NaN
Argentina,2020-01-31,0,0,0,0,0,0,NaN,NaN,NaN,NaN,0,NaN,NaN
Argentina,2020-02-01,0,0,0,0,0,0,NaN,NaN,NaN,NaN,0,NaN,NaN
Argentina,2020-02-02,0,0,0,0,0,0,NaN,NaN,NaN,NaN,0,NaN,NaN
Argentina,2020-02-03,0,0,0,0,0,0,NaN,NaN,NaN,NaN,0,NaN,NaN
Argentina,2020-02-04,0,0,0,0,0,0,NaN,NaN,NaN,NaN,0,NaN,NaN
Argentina,2020-02-05,0,0,0,0,0,0,NaN,NaN,NaN,NaN,0,NaN,NaN
Argentina,2020-02-06,0,0,0,0,0,0,NaN,NaN,NaN,NaN,0,NaN,NaN
Argentina,2020-02-07,0,0,0,0,0,0,NaN,NaN,NaN,NaN,0,NaN,NaN
Argentina,2020-02-08,0,0,0,0,0,0,NaN,NaN,NaN,NaN,0,NaN,NaN
Argentina,2020-02-09,0,0,0,0,0,0,NaN,NaN,NaN,NaN,0,NaN,NaN
Argentina,2020-02-10,0,0,0,0,0,0,NaN,NaN,NaN,NaN,0,NaN,NaN
Argentina,2020-02-11,0,0,0,0,0,0,NaN,NaN,NaN,NaN,0,NaN,NaN
Argentina,2020-02-12,0,0,0,0,0,0,NaN,NaN,NaN,NaN,0,NaN,NaN
Argentina,2020-02-13,0,0,0,0,0,0,NaN,NaN,NaN,NaN,0,NaN,NaN
Argentina,2020-02-14,0,0,0,0,0,0,NaN,NaN,NaN,NaN,0,NaN,NaN
Argentina,2020-02-15,0,0,0,0,0,0,NaN,NaN,NaN,NaN,0,NaN,NaN
Argentina,2020-02-16,0,0,0,0,0,0,NaN,NaN,NaN,NaN,0,NaN,NaN
Argentina,2020-02-17,0,0,0,0,0,0,NaN,NaN,NaN,NaN,0,NaN,NaN
Argentina,2020-02-18,0,0,0,0,0,0,NaN,NaN,NaN,NaN,0,NaN,NaN
Argentina,2020-02-19,0,0,0,0,0,0,NaN,NaN,NaN,NaN,0,NaN,NaN
Argentina,2020-02-20,0,0,0,0,0,0,NaN,NaN,NaN,NaN,0,NaN,NaN
Argentina,2020-02-21,0,0,0,0,0,0,NaN,NaN,NaN,NaN,0,NaN,NaN
Argentina,2020-02-22,0,0,0,0,0,0,NaN,NaN,NaN,NaN,0,NaN,NaN
Argentina,2020-02-23,0,0,0,0,0,0,NaN,NaN,NaN,NaN,0,NaN,NaN
Argentina,2020-02-24,0,0,0,0,0,0,NaN,NaN,NaN,NaN,0,NaN,NaN
Argentina,2020-02-25,0,0,0,0,0,0,NaN,NaN,NaN,NaN,0,NaN,NaN
Argentina,2020-02-26,0,0,0,0,0,0,NaN,NaN,NaN,NaN,0,NaN,NaN
Argentina,2020-02-27,0,0,0,0,0,0,NaN,NaN,NaN,NaN,0,NaN,NaN
Argentina,2020-02-28,0,0,0,0,0,0,NaN,NaN,NaN,NaN,0,NaN,NaN
Argentina,2020-02-29,0,0,0,0,0,0,NaN,NaN,NaN,NaN,0,NaN,NaN
Argentina,2020-03-01,0,0,0,0,0,0,NaN,NaN,NaN,NaN,0,NaN,NaN
Argentina,2020-03-02,0,0,0,0,0,0,NaN,NaN,NaN,NaN,0,NaN,NaN
Argentina,2020-03-03,1,0,0,1,0,0,NaN,0,NaN,Inf,1,0,0
Argentina,2020-03-04,1,0,0,0,0,0,NaN,0,NaN,0,1,0,0
Argentina,2020-03-05,1,0,0,0,0,0,NaN,0,NaN,0,1,0,0
Argentina,2020-03-06,2,0,0,1,0,0,NaN,0,NaN,1,2,0,0
Argentina,2020-03-07,8,0,0,6,0,0,NaN,0,NaN,3,8,0,0
Argentina,2020-03-08,12,0,1,4,1,0,100,8.3,100,0.5,11,0.08333333333333333,0.1597222222222222
Argentina,2020-03-09,12,0,1,0,0,0,100,8.3,NaN,0,11,0.08333333333333333,0.1597222222222222
Argentina,2020-03-10,17,0,1,5,0,0,100,5.9,NaN,0.42,16,0.058823529411764705,0.11418685121107267
Argentina,2020-03-11,19,0,1,2,0,0,100,5.3,NaN,0.12,18,0.05263157894736842,0.10249307479224376
Argentina,2020-03-12,19,0,1,0,0,0,100,5.3,NaN,0,18,0.05263157894736842,0.10249307479224376
Argentina,2020-03-13,31,0,2,12,1,0,100,6.5,100,0.63,29,0.06451612903225806,0.12486992715920917
Argentina,2020-03-14,34,1,2,3,0,1,66.7,5.9,0,0.1,31,0.058823529411764705,0.11245674740484428
Argentina,2020-03-15,45,1,2,11,0,0,66.7,4.4,NaN,0.32,42,0.044444444444444446,0.08592592592592593
Argentina,2020-03-16,56,1,2,11,0,0,66.7,3.6,NaN,0.24,53,0.03571428571428571,0.06951530612244898
Argentina,2020-03-17,68,3,2,12,0,2,40,2.9,0,0.21,63,0.029411764705882353,0.05666089965397924
Argentina,2020-03-18,79,3,2,11,0,0,40,2.5,NaN,0.16,74,0.02531645569620253,0.0490306040698606
Argentina,2020-03-19,97,3,3,18,1,0,50,3.1,100,0.23,91,0.030927835051546393,0.05994260814114147
Argentina,2020-03-20,128,3,3,31,0,0,50,2.3,NaN,0.32,122,0.0234375,0.0457763671875
Argentina,2020-03-21,158,3,4,30,1,0,57.1,2.5,100,0.23,151,0.02531645569620253,0.04951129626662394
Argentina,2020-03-22,266,3,4,108,0,0,57.1,1.5,NaN,0.68,259,0.015037593984962405,0.0296794618124258
Argentina,2020-03-23,301,3,4,35,0,0,57.1,1.3,NaN,0.13,294,0.013289036544850499,0.026269025728192844
Argentina,2020-03-24,387,52,6,86,2,49,10.3,1.6,3.9,0.29,329,0.015503875968992248,0.028684173627386175
Argentina,2020-03-25,387,52,8,0,2,0,13.3,2.1,100,0,327,0.020671834625323,0.038138733649820726
Argentina,2020-03-26,502,63,9,115,1,11,12.5,1.8,8.3,0.3,430,0.017928286852589643,0.03328518594942938
Argentina,2020-03-27,589,72,13,87,4,9,15.3,2.2,30.8,0.17,504,0.022071307300509338,0.04095745140824568
Argentina,2020-03-28,690,72,18,101,5,0,20,2.6,100,0.17,600,0.02608695652173913,0.04877126654064272
Argentina,2020-03-29,745,72,19,55,1,0,20.9,2.6,100,0.08,654,0.025503355704697986,0.04789153641727851
Argentina,2020-03-30,820,228,23,75,4,156,9.2,2.8,2.5,0.1,569,0.02804878048780488,0.04751189767995241
Argentina,2020-03-31,1054,240,27,234,4,12,10.1,2.6,25,0.29,787,0.025616698292220113,0.04474415707398219
Argentina,2020-04-01,1054,248,28,0,1,8,10.1,2.7,11.1,0,778,0.026565464895635674,0.04617450824364759
Argentina,2020-04-02,1133,256,36,79,8,8,12.3,3.2,50,0.07,841,0.03177405119152692,0.0553592030468439
Argentina,2020-04-03,1265,266,39,132,3,10,12.8,3.1,23.1,0.12,960,0.0308300395256917,0.054226749363370776
Argentina,2020-04-04,1451,279,43,186,4,13,13.4,3,23.5,0.15,1129,0.029634734665747762,0.052693049922556315
Argentina,2020-04-05,1451,280,44,0,1,1,13.6,3,50,0,1127,0.030323914541695383,0.053876672424872984
Argentina,2020-04-06,1554,325,48,103,4,45,12.9,3.1,8.2,0.07,1181,0.03088803088803089,0.05436213930422425
Argentina,2020-04-07,1628,338,56,74,8,13,14.2,3.4,38.1,0.05,1234,0.0343980343980344,0.06047123737541428
Argentina,2020-04-08,1715,358,63,87,7,20,15,3.7,25.9,0.05,1294,0.036734693877551024,0.06445171654667699
Argentina,2020-04-09,1795,365,72,80,9,7,16.5,4,56.2,0.05,1358,0.04011142061281337,0.0704575538675212
Argentina,2020-04-10,1975,375,82,180,10,10,17.9,4.2,50,0.1,1518,0.04151898734177215,0.0734307963467393
Argentina,2020-04-11,1975,440,83,0,1,65,15.9,4.2,1.5,0,1452,0.0420253164556962,0.07292190354109918
Argentina,2020-04-12,2142,468,90,167,7,28,16.1,4.2,20,0.08,1584,0.04201680672268908,0.07308805875291292
Argentina,2020-04-13,2208,515,97,66,7,47,15.8,4.4,13,0.03,1596,0.043931159420289856,0.07568574747952111
Argentina,2020-04-14,2277,559,102,69,5,44,15.4,4.5,10.2,0.03,1616,0.04479578392621871,0.07658760949704412
Argentina,2020-04-15,2443,596,111,166,9,37,15.7,4.5,19.6,0.07,1736,0.04543593941874744,0.07772279608307227
Argentina,2020-04-16,2571,631,115,128,4,35,15.4,4.5,10.3,0.05,1825,0.044729677168416956,0.0764806148706188
Argentina,2020-04-17,2669,666,123,98,8,35,15.6,4.6,18.6,0.04,1880,0.046084675908579995,0.07854596879285515
Argentina,2020-04-18,2758,685,129,89,6,19,15.8,4.7,24,0.03,1944,0.046773023930384336,0.07974139177689164
Argentina,2020-04-19,2839,709,132,81,3,24,15.7,4.6,11.1,0.03,1998,0.04649524480450863,0.0792171536172625
Argentina,2020-04-20,2941,737,136,102,4,28,15.6,4.6,12.5,0.04,2068,0.046242774566473986,0.07875894518989059
Argentina,2020-04-21,3031,840,147,90,11,103,14.9,4.8,9.6,0.03,2044,0.04849884526558892,0.08120476401282209
Argentina,2020-04-22,3144,872,152,113,5,32,14.8,4.8,13.5,0.04,2120,0.04834605597964377,0.08094581382851297
Argentina,2020-04-23,3435,919,165,291,13,47,15.2,4.8,21.7,0.09,2351,0.048034934497816595,0.08091124628948088
Argentina,2020-04-24,3607,976,176,172,11,57,15.3,4.9,16.2,0.05,2455,0.048794011644025505,0.08200424136015598
Argentina,2020-04-25,3780,1030,185,173,9,54,15.2,4.9,14.3,0.05,2565,0.04894179894179894,0.08215230536659107
Argentina,2020-04-26,3892,1107,192,112,7,77,14.8,4.9,8.3,0.03,2593,0.04933196300102775,0.08219881296548431
Argentina,2020-04-27,4003,1140,197,111,5,33,14.7,4.9,13.2,0.03,2666,0.04921309018236323,0.08198903283192115
Argentina,2020-04-28,4127,1162,207,124,10,22,15.1,5,31.2,0.03,2758,0.0501574993942331,0.0836768556649612
Argentina,2020-04-29,4285,1192,214,158,7,30,15.2,5,18.9,0.04,2879,0.049941656942823806,0.08349638981059271
Argentina,2020-04-30,4428,1256,218,143,4,64,14.8,4.9,5.9,0.03,2954,0.04923215898825655,0.08207583506127142
Argentina,2020-05-01,4532,1292,225,104,7,36,14.8,5,16.3,0.02,3015,0.04964695498676081,0.0826755448554907
Argentina,2020-05-02,4681,1320,237,149,12,28,15.2,5.1,30,0.03,3124,0.05063020722067934,0.08441973239850507
Argentina,2020-05-03,4783,1354,246,102,9,34,15.4,5.1,20.9,0.02,3183,0.05143215555090947,0.08565932492547457
Argentina,2020-05-04,4887,1442,260,104,14,88,15.3,5.3,13.7,0.02,3185,0.053202373644362595,0.0878759075214436
Argentina,2020-05-05,5020,1472,264,133,4,30,15.2,5.3,11.8,0.03,3284,0.05258964143426295,0.08699290487452581
Argentina,2020-05-06,5208,1524,273,188,9,52,15.2,5.2,14.8,0.04,3411,0.05241935483870968,0.08675161661959269
Argentina,2020-05-07,5371,1601,282,163,9,77,15,5.3,10.5,0.03,3488,0.05250418916402905,0.08660111930816111
Argentina,2020-05-08,5611,1659,293,240,11,58,15,5.2,15.9,0.04,3659,0.05221885581892711,0.08627139430430482
Argentina,2020-05-09,5776,1728,300,165,7,69,14.8,5.2,9.2,0.03,3748,0.05193905817174515,0.08564189578041911
Argentina,2020-05-10,6034,1757,305,258,5,29,14.8,5.1,14.7,0.04,3972,0.050546900894928734,0.08382039946215726
Argentina,2020-05-11,6278,1837,314,244,9,80,14.6,5,10.1,0.04,4127,0.05001592863969417,0.08289514773749887
Argentina,2020-05-12,6563,1862,319,285,5,25,14.6,4.9,16.7,0.05,4382,0.04860582050891361,0.08105907442786217
Argentina,2020-05-13,6879,2266,329,316,10,404,12.7,4.8,2.4,0.05,4284,0.04782671899985463,0.07761152263343178
Argentina,2020-05-14,7134,2385,353,255,24,119,12.9,4.9,16.8,0.04,4396,0.04948135688253434,0.0799719715244773
Argentina,2020-05-15,7479,2497,356,345,3,112,12.5,4.8,2.6,0.05,4626,0.04759994651691402,0.07704203136612438
Argentina,2020-05-16,7805,2534,363,326,7,37,12.5,4.7,15.9,0.04,4908,0.046508648302370274,0.07575457346163143
Argentina,2020-05-17,8068,2569,373,263,10,35,12.7,4.6,22.2,0.03,5126,0.04623202776400595,0.0756055248287425
Brazil,2020-01-22,0,0,0,NA,NA,NA,NaN,NaN,NA,NA,0,NaN,NaN
Brazil,2020-01-23,0,0,0,0,0,0,NaN,NaN,NaN,NaN,0,NaN,NaN
Brazil,2020-01-24,0,0,0,0,0,0,NaN,NaN,NaN,NaN,0,NaN,NaN
Brazil,2020-01-25,0,0,0,0,0,0,NaN,NaN,NaN,NaN,0,NaN,NaN
Brazil,2020-01-26,0,0,0,0,0,0,NaN,NaN,NaN,NaN,0,NaN,NaN
Brazil,2020-01-27,0,0,0,0,0,0,NaN,NaN,NaN,NaN,0,NaN,NaN
Brazil,2020-01-28,0,0,0,0,0,0,NaN,NaN,NaN,NaN,0,NaN,NaN
Brazil,2020-01-29,0,0,0,0,0,0,NaN,NaN,NaN,NaN,0,NaN,NaN
Brazil,2020-01-30,0,0,0,0,0,0,NaN,NaN,NaN,NaN,0,NaN,NaN
Brazil,2020-01-31,0,0,0,0,0,0,NaN,NaN,NaN,NaN,0,NaN,NaN
Brazil,2020-02-01,0,0,0,0,0,0,NaN,NaN,NaN,NaN,0,NaN,NaN
Brazil,2020-02-02,0,0,0,0,0,0,NaN,NaN,NaN,NaN,0,NaN,NaN
Brazil,2020-02-03,0,0,0,0,0,0,NaN,NaN,NaN,NaN,0,NaN,NaN
Brazil,2020-02-04,0,0,0,0,0,0,NaN,NaN,NaN,NaN,0,NaN,NaN
Brazil,2020-02-05,0,0,0,0,0,0,NaN,NaN,NaN,NaN,0,NaN,NaN
Brazil,2020-02-06,0,0,0,0,0,0,NaN,NaN,NaN,NaN,0,NaN,NaN
Brazil,2020-02-07,0,0,0,0,0,0,NaN,NaN,NaN,NaN,0,NaN,NaN
Brazil,2020-02-08,0,0,0,0,0,0,NaN,NaN,NaN,NaN,0,NaN,NaN
Brazil,2020-02-09,0,0,0,0,0,0,NaN,NaN,NaN,NaN,0,NaN,NaN
Brazil,2020-02-10,0,0,0,0,0,0,NaN,NaN,NaN,NaN,0,NaN,NaN
Brazil,2020-02-11,0,0,0,0,0,0,NaN,NaN,NaN,NaN,0,NaN,NaN
Brazil,2020-02-12,0,0,0,0,0,0,NaN,NaN,NaN,NaN,0,NaN,NaN
Brazil,2020-02-13,0,0,0,0,0,0,NaN,NaN,NaN,NaN,0,NaN,NaN
Brazil,2020-02-14,0,0,0,0,0,0,NaN,NaN,NaN,NaN,0,NaN,NaN
Brazil,2020-02-15,0,0,0,0,0,0,NaN,NaN,NaN,NaN,0,NaN,NaN
Brazil,2020-02-16,0,0,0,0,0,0,NaN,NaN,NaN,NaN,0,NaN,NaN
Brazil,2020-02-17,0,0,0,0,0,0,NaN,NaN,NaN,NaN,0,NaN,NaN
Brazil,2020-02-18,0,0,0,0,0,0,NaN,NaN,NaN,NaN,0,NaN,NaN
Brazil,2020-02-19,0,0,0,0,0,0,NaN,NaN,NaN,NaN,0,NaN,NaN
Brazil,2020-02-20,0,0,0,0,0,0,NaN,NaN,NaN,NaN,0,NaN,NaN
Brazil,2020-02-21,0,0,0,0,0,0,NaN,NaN,NaN,NaN,0,NaN,NaN
Brazil,2020-02-22,0,0,0,0,0,0,NaN,NaN,NaN,NaN,0,NaN,NaN
Brazil,2020-02-23,0,0,0,0,0,0,NaN,NaN,NaN,NaN,0,NaN,NaN
Brazil,2020-02-24,0,0,0,0,0,0,NaN,NaN,NaN,NaN,0,NaN,NaN
Brazil,2020-02-25,0,0,0,0,0,0,NaN,NaN,NaN,NaN,0,NaN,NaN
Brazil,2020-02-26,1,0,0,1,0,0,NaN,0,NaN,Inf,1,0,0
Brazil,2020-02-27,1,0,0,0,0,0,NaN,0,NaN,0,1,0,0
Brazil,2020-02-28,1,0,0,0,0,0,NaN,0,NaN,0,1,0,0
Brazil,2020-02-29,2,0,0,1,0,0,NaN,0,NaN,1,2,0,0
Brazil,2020-03-01,2,0,0,0,0,0,NaN,0,NaN,0,2,0,0
Brazil,2020-03-02,2,0,0,0,0,0,NaN,0,NaN,0,2,0,0
Brazil,2020-03-03,2,0,0,0,0,0,NaN,0,NaN,0,2,0,0
Brazil,2020-03-04,4,0,0,2,0,0,NaN,0,NaN,1,4,0,0
Brazil,2020-03-05,4,0,0,0,0,0,NaN,0,NaN,0,4,0,0
Brazil,2020-03-06,13,0,0,9,0,0,NaN,0,NaN,2.25,13,0,0
Brazil,2020-03-07,13,0,0,0,0,0,NaN,0,NaN,0,13,0,0
Brazil,2020-03-08,20,0,0,7,0,0,NaN,0,NaN,0.54,20,0,0
Brazil,2020-03-09,25,0,0,5,0,0,NaN,0,NaN,0.25,25,0,0
Brazil,2020-03-10,31,0,0,6,0,0,NaN,0,NaN,0.24,31,0,0
Brazil,2020-03-11,38,0,0,7,0,0,NaN,0,NaN,0.23,38,0,0
Brazil,2020-03-12,52,0,0,14,0,0,NaN,0,NaN,0.37,52,0,0
Brazil,2020-03-13,151,0,0,99,0,0,NaN,0,NaN,1.9,151,0,0
Brazil,2020-03-14,151,0,0,0,0,0,NaN,0,NaN,0,151,0,0
Brazil,2020-03-15,162,0,0,11,0,0,NaN,0,NaN,0.07,162,0,0
Brazil,2020-03-16,200,1,0,38,0,1,0,0,0,0.23,199,0,0
Brazil,2020-03-17,321,2,1,121,1,1,33.3,0.3,50,0.6,318,0.003115264797507788,0.0062014149707398025
Brazil,2020-03-18,372,2,3,51,2,0,60,0.8,100,0.16,367,0.008064516129032258,0.016020638224072146
Brazil,2020-03-19,621,2,6,249,3,0,75,1,100,0.67,613,0.00966183574879227,0.019199203404202354
Brazil,2020-03-20,793,2,11,172,5,0,84.6,1.4,100,0.28,780,0.013871374527112233,0.027515349471812788
Brazil,2020-03-21,1021,2,15,228,4,0,88.2,1.5,100,0.29,1004,0.014691478942213516,0.02913833972378293
Brazil,2020-03-22,1546,2,25,525,10,0,92.6,1.6,100,0.51,1519,0.016170763260025874,0.032059113448887
Brazil,2020-03-23,1924,2,34,378,9,0,94.4,1.8,100,0.24,1888,0.017671517671517672,0.035012383245231475
Brazil,2020-03-24,2247,2,46,323,12,0,95.8,2,100,0.17,2199,0.020471740097908322,0.040506166655674414
Brazil,2020-03-25,2554,2,59,307,13,0,96.7,2.3,100,0.14,2493,0.023101018010963197,0.045650288919863447
Brazil,2020-03-26,2985,6,77,431,18,4,92.8,2.6,81.8,0.17,2902,0.02579564489112228,0.05087402394440095
Brazil,2020-03-27,3417,6,92,432,15,0,93.9,2.7,100,0.14,3319,0.026924202516827627,0.05307621543849895
Brazil,2020-03-28,3904,6,111,487,19,0,94.9,2.8,100,0.14,3787,0.028432377049180328,0.0560126567329011
Brazil,2020-03-29,4256,6,136,352,25,0,95.8,3.2,100,0.09,4114,0.03195488721804511,0.06284361043586409
Brazil,2020-03-30,4579,120,159,323,23,114,57,3.5,16.8,0.08,4300,0.034723738807599915,0.06733174860726789
Brazil,2020-03-31,5717,127,201,1138,42,7,61.3,3.5,85.7,0.25,5389,0.035158299807591394,0.06829947134215673
Brazil,2020-04-01,6836,127,240,1119,39,0,65.4,3.5,100,0.2,6469,0.03510825043885313,0.06833166648463149
Brazil,2020-04-02,8044,127,324,1208,84,0,71.8,4,100,0.18,7593,0.04027846842366982,0.07829865871965751
Brazil,2020-04-03,9056,127,359,1012,35,0,73.9,4,100,0.13,8570,0.03964222614840989,0.0771570095066114
Brazil,2020-04-04,10360,127,445,1304,86,0,77.8,4.3,100,0.14,9788,0.04295366795366795,0.08353576273460443
Brazil,2020-04-05,11130,127,486,770,41,0,79.3,4.4,100,0.07,10517,0.04366576819407008,0.08492658437529516
Brazil,2020-04-06,12161,127,564,1031,78,0,81.6,4.6,100,0.09,11470,0.046377764986432035,0.0901202996788402
Brazil,2020-04-07,14034,127,686,1873,122,0,84.4,4.9,100,0.15,13221,0.048881288299843235,0.0949308474142958
Brazil,2020-04-08,16170,127,819,2136,133,0,86.6,5.1,100,0.15,15224,0.05064935064935065,0.0983355420090114
Brazil,2020-04-09,18092,173,950,1922,131,46,84.6,5.3,74,0.12,16969,0.05250939641830643,0.10175944880733152
Brazil,2020-04-10,19638,173,1057,1546,107,0,85.9,5.4,100,0.09,18408,0.05382421835217436,0.10427722840548048
Brazil,2020-04-11,20727,173,1124,1089,67,0,86.7,5.4,100,0.06,19430,0.05422878371206639,0.10506418041807546
Brazil,2020-04-12,22192,173,1223,1465,99,0,87.6,5.5,100,0.07,20796,0.055109949531362654,0.10675317729155631
Brazil,2020-04-13,23430,173,1328,1238,105,0,88.5,5.7,100,0.06,21929,0.05667947076397781,0.10972787513372896
Brazil,2020-04-14,25262,3046,1532,1832,204,2873,33.5,6.1,6.6,0.08,20684,0.06064444620378434,0.11029885698990877
Brazil,2020-04-15,28320,14026,1736,3058,204,10980,11,6.1,1.8,0.12,12558,0.06129943502824859,0.08848157856937662
Brazil,2020-04-16,30425,14026,1924,2105,188,0,12.1,6.3,100,0.07,14475,0.06323746918652424,0.09332333168364629
Brazil,2020-04-17,33682,14026,2141,3257,217,0,13.2,6.4,100,0.11,17515,0.06356510896027552,0.09661964501630621
Brazil,2020-04-18,36658,14026,2354,2976,213,0,14.4,6.4,100,0.09,20278,0.06421517813301325,0.09973690278196418
Brazil,2020-04-19,38654,22130,2462,1996,108,8104,10,6.4,1.3,0.05,14062,0.06369327883272106,0.08686435781408712
Brazil,2020-04-20,40743,22130,2587,2089,125,0,10.5,6.3,100,0.05,16026,0.06349556979112976,0.08847114845427792
Brazil,2020-04-21,43079,22991,2741,2336,154,861,10.7,6.4,15.2,0.06,17347,0.06362728939854685,0.08924864990358626
Brazil,2020-04-22,45757,25318,2906,2678,165,2327,10.3,6.4,6.6,0.06,17533,0.0635094083965295,0.08784471135381147
Brazil,2020-04-23,50036,26573,3331,4279,425,1255,11.1,6.7,25.3,0.09,20132,0.06657206811096011,0.0933573602048495
Brazil,2020-04-24,54043,27655,3704,4007,373,1082,11.8,6.9,25.6,0.08,22684,0.06853801602427696,0.09730615168467144
Brazil,2020-04-25,59324,29160,4057,5281,353,1505,12.2,6.8,19,0.1,26107,0.06838716202548716,0.09848263163305565
Brazil,2020-04-26,63100,30152,4286,3776,229,992,12.4,6.8,18.8,0.06,28662,0.06792393026941362,0.09877711076675012
Brazil,2020-04-27,67446,31142,4603,4346,317,990,12.9,6.8,24.3,0.07,31701,0.0682471903448685,0.10032476619996258
Brazil,2020-04-28,73235,32544,5083,5789,480,1402,13.5,6.9,25.5,0.09,35608,0.06940670444459617,0.10315332739623377
Brazil,2020-04-29,79685,34132,5513,6450,430,1588,13.9,6.9,21.3,0.09,40040,0.06918491560519546,0.10394884885275806
Brazil,2020-04-30,87187,35935,6006,7502,493,1803,14.3,6.9,21.5,0.09,45246,0.06888641655292647,0.10463526447008971
Brazil,2020-05-01,92202,38039,6412,5015,406,2104,14.4,7,16.2,0.06,47751,0.06954296002255916,0.10555894540288957
Brazil,2020-05-02,97100,40937,6761,4898,349,2898,14.2,7,10.7,0.05,49402,0.06962924819773429,0.10505483130241472
Brazil,2020-05-03,101826,42991,7051,4726,290,2054,14.1,6.9,12.4,0.05,51784,0.06924557578614499,0.10446067700302213
Brazil,2020-05-04,108620,45815,7367,6794,316,2824,13.9,6.8,10.1,0.07,55438,0.06782360522923955,0.10243974430766509
Brazil,2020-05-05,115455,48221,7938,6835,571,2406,14.1,6.9,19.2,0.06,59296,0.06875406002338573,0.1040651400385144
Brazil,2020-05-06,126611,51370,8588,11156,650,3149,14.3,6.8,17.1,0.1,66653,0.06782980941624346,0.10353808347632414
Brazil,2020-05-07,135773,55350,9190,9162,602,3980,14.2,6.8,13.1,0.07,71233,0.06768650615365353,0.1031980798306232
Brazil,2020-05-08,146894,59297,10017,11121,827,3947,14.5,6.8,17.3,0.08,77580,0.06819202962680572,0.10420669093664539
Brazil,2020-05-09,156061,61685,10656,9167,639,2388,14.7,6.8,21.1,0.06,83720,0.06828099268875631,0.10491080223696297
Brazil,2020-05-10,162699,64957,11123,6638,467,3272,14.6,6.8,12.5,0.04,86619,0.06836550931474686,0.10476248809970594
Brazil,2020-05-11,169594,67384,11653,6895,530,2427,14.7,6.9,17.9,0.04,90557,0.06871115723433611,0.10540040488265962
Brazil,2020-05-12,178214,72597,12461,8620,808,5213,14.7,7,13.4,0.05,93156,0.06992155498445689,0.10647094154293191
Brazil,2020-05-13,190137,78424,13240,11923,779,5827,14.4,7,11.8,0.07,98473,0.06963400074682992,0.10569783343348524
Brazil,2020-05-14,203165,79479,13999,13028,759,1055,15,6.9,41.8,0.07,109687,0.06890458494327271,0.10610556546980411
Brazil,2020-05-15,220291,84970,14962,17126,963,5491,15,6.8,14.9,0.08,120359,0.06791925226178101,0.10502786442921272
Brazil,2020-05-16,233511,89672,15662,13220,700,4702,14.9,6.7,13,0.06,128177,0.06707178676807517,0.1038882982496395
Brazil,2020-05-17,241080,94122,16118,7569,456,4450,14.6,6.7,9.3,0.03,130840,0.06685747469719595,0.10314265799477815
China,2020-01-22,548,28,17,NA,NA,NA,37.8,3.1,NA,NA,503,0.03102189781021898,0.0594963770046353
China,2020-01-23,643,30,18,95,1,2,37.5,2.8,33.3,0.17,595,0.027993779160186624,0.053897820529255125
China,2020-01-24,920,36,26,277,8,6,41.9,2.8,57.1,0.43,858,0.02826086956521739,0.054617202268431
China,2020-01-25,1406,39,42,486,16,3,51.9,3,84.2,0.53,1325,0.029871977240398292,0.05802302264831276
China,2020-01-26,2075,49,56,669,14,10,53.3,2.7,58.3,0.48,1970,0.026987951807228915,0.05261024822180287
China,2020-01-27,2877,58,82,802,26,9,58.6,2.9,74.3,0.39,2737,0.028501911713590546,0.05561686908588714
China,2020-01-28,5509,101,131,2632,49,43,56.5,2.4,53.3,0.91,5277,0.0237792702849882,0.04655712639206439
China,2020-01-29,6087,120,133,578,2,19,52.6,2.2,9.5,0.1,5834,0.021849843929686218,0.04279152119037118
China,2020-01-30,8141,135,171,2054,38,15,55.9,2.1,71.7,0.34,7835,0.0210047905662695,0.04122006314785917
China,2020-01-31,9802,214,213,1661,42,79,49.9,2.2,34.7,0.2,9375,0.021730259130789634,0.042513893016848894
China,2020-02-01,11891,275,259,2089,46,61,48.5,2.2,43,0.21,11357,0.021781179042973678,0.042584210780510647
China,2020-02-02,16630,463,361,4739,102,188,43.8,2.2,35.2,0.4,15806,0.021707757065544196,0.04233991630655391
China,2020-02-03,19716,614,425,3086,64,151,40.9,2.2,29.8,0.19,18677,0.02155609657131264,0.04197622315187696
China,2020-02-04,23707,843,491,3991,66,229,36.8,2.1,22.4,0.2,22373,0.020711182351204286,0.04025694025998623
China,2020-02-05,27440,1115,563,3733,72,272,33.6,2.1,20.9,0.16,25762,0.020517492711370263,0.03978030784367058
China,2020-02-06,30587,1477,633,3147,70,362,30,2.1,16.2,0.11,28477,0.020695066531533003,0.03996251380058408
China,2020-02-07,34110,1999,718,3523,85,522,26.4,2.1,14,0.12,31393,0.021049545587804162,0.04042240940011539
China,2020-02-08,36814,2596,805,2704,87,597,23.7,2.2,12.7,0.08,33413,0.02186668115390884,0.04171324543368165
China,2020-02-09,39829,3219,905,3015,100,623,21.9,2.3,13.8,0.08,35705,0.0227221371362575,0.04309156409776982
China,2020-02-10,42354,3918,1012,2525,107,699,20.5,2.4,13.3,0.06,37424,0.023893847098266988,0.04500645355351428
China,2020-02-11,44386,4636,1112,2032,100,718,19.3,2.5,12.2,0.05,38638,0.025052944622178164,0.04686152557814897
China,2020-02-12,44759,5082,1117,373,5,446,18,2.5,1.1,0.01,38560,0.024955874796130387,0.046455428676663635
China,2020-02-13,59895,6217,1369,15136,252,1135,18,2.3,18.2,0.34,52309,0.022856665831872444,0.04281842112028409
China,2020-02-14,66358,7977,1521,6463,152,1760,16,2.3,7.9,0.11,56860,0.022921124807860394,0.04256148703358965
China,2020-02-15,68413,9298,1663,2055,142,1321,15.2,2.4,9.7,0.03,57452,0.02430824550889451,0.044721870419028656
China,2020-02-16,70513,10755,1766,2100,103,1457,14.1,2.5,6.6,0.03,57992,0.025045027158112687,0.04564280650310257
China,2020-02-17,72434,12462,1864,1921,98,1707,13,2.6,5.4,0.03,58108,0.0257337714333048,0.04637791631618405
China,2020-02-18,74211,14206,2003,1777,139,1744,12.4,2.7,7.4,0.02,58002,0.02699060786136826,0.04808598775350125
China,2020-02-19,74619,15962,2116,408,113,1756,11.7,2.8,6,0.01,56541,0.02835738886878677,0.049844612284137724
China,2020-02-20,75077,18014,2238,458,122,2052,11.1,3,5.6,0.01,54825,0.02980939568709458,0.05157771512640303
China,2020-02-21,75550,18704,2238,473,0,690,10.7,3,0,0.01,54608,0.029622766379880875,0.051034282282892585
China,2020-02-22,77001,22699,2443,1451,205,3995,9.7,3.2,4.9,0.02,51859,0.03172686069012091,0.05309441784559915
China,2020-02-23,77022,23187,2445,21,2,488,9.5,3.2,0.4,0,51390,0.03174417698839293,0.05292427170722018
China,2020-02-24,77241,25015,2595,219,150,1828,9.4,3.4,7.6,0,49631,0.03359614712393677,0.055183262488938595
China,2020-02-25,77754,27676,2665,513,70,2661,8.8,3.4,2.6,0.01,47413,0.03427476399927978,0.05517490271237302
China,2020-02-26,78166,30084,2717,412,52,2408,8.3,3.5,2.1,0.01,45365,0.034759358288770054,0.05493255749008588
China,2020-02-27,78600,32930,2746,434,29,2846,7.7,3.5,1,0.01,42924,0.03493638676844784,0.054015387603675
China,2020-02-28,78928,36329,2790,328,44,3399,7.1,3.5,1.3,0,39809,0.035348672207581595,0.05317751991576647
China,2020-02-29,79356,39320,2837,428,47,2991,6.7,3.6,1.5,0.01,37199,0.035750289833156916,0.052508632384490196
China,2020-03-01,79932,42162,2872,576,35,2842,6.4,3.6,1.2,0.01,34898,0.03593054095981584,0.0516176752541617
China,2020-03-02,80136,44854,2914,204,42,2692,6.1,3.6,1.5,0,32368,0.036363182589597684,0.0510507573881913
China,2020-03-03,80261,47450,2947,125,33,2596,5.8,3.7,1.3,0,29864,0.03671770847609673,0.05037985629297109
China,2020-03-04,80386,50001,2983,125,36,2551,5.6,3.7,1.4,0,27402,0.03710845172044883,0.049757990123202284
China,2020-03-05,80537,52292,3015,151,32,2291,5.5,3.7,1.4,0,25230,0.03743620944410644,0.04916393166215287
China,2020-03-06,80690,53944,3044,153,29,1652,5.3,3.8,1.7,0,23702,0.037724625108439706,0.04880591231032641
China,2020-03-07,80770,55539,3072,80,28,1595,5.2,3.8,1.7,0,22159,0.03803392348644299,0.04846841290746676
China,2020-03-08,80823,57388,3100,53,28,1849,5.1,3.8,1.5,0,20335,0.03835541863083528,0.04800561025769936
China,2020-03-09,80860,58804,3123,37,23,1416,5,3.9,1.6,0,18933,0.03862231016571853,0.04766554784031102
China,2020-03-10,80887,60181,3139,27,16,1377,5,3.9,1.1,0,17567,0.038807224893987906,0.04723535944852307
China,2020-03-11,80921,61644,3161,34,22,1463,4.9,3.9,1.5,0,16116,0.039062789634334724,0.046842425547718614
China,2020-03-12,80932,62901,3172,11,11,1257,4.8,3.9,0.9,0,14859,0.039193396925814264,0.04638924881283885
China,2020-03-13,80945,64196,3180,13,8,1295,4.7,3.9,0.6,0,13569,0.03928593489406387,0.045871528205294373
China,2020-03-14,80977,65660,3193,32,13,1464,4.6,3.9,0.9,0,12124,0.03943094952887857,0.04533461145866263
China,2020-03-15,81003,67017,3203,26,10,1357,4.6,4,0.7,0,10783,0.03954174536745553,0.044805484244994295
China,2020-03-16,81033,67910,3217,30,14,893,4.5,4,1.5,0,9906,0.03969987535942147,0.04455304586169127
China,2020-03-17,81058,68798,3230,25,13,888,4.5,4,1.4,0,9030,0.039848010066865704,0.04428714662221862
China,2020-03-18,81102,69755,3241,44,11,957,4.4,4,1.1,0,8106,0.03996202313136544,0.043956155945634484
China,2020-03-19,81156,70535,3249,54,8,780,4.4,4,1,0,7372,0.040034008576075704,0.04367059380973471
China,2020-03-20,81250,71266,3253,94,4,731,4.4,4,0.5,0,6731,0.040036923076923074,0.04335370497514793
China,2020-03-21,81305,71857,3259,55,6,591,4.3,4,1,0,6189,0.04008363569276182,0.04313483329810593
China,2020-03-22,81435,72362,3274,130,15,505,4.3,4,2.9,0,5799,0.040203843556210477,0.043066765994749984
China,2020-03-23,81498,72814,3274,63,0,452,4.3,4,0,0,5410,0.04017276497582763,0.042839513344121664
China,2020-03-24,81591,73280,3281,93,7,466,4.3,4,1.5,0,5030,0.04021276856516037,0.04269184378035269
China,2020-03-25,81661,73773,3285,70,4,493,4.3,4,0.8,0,4603,0.04022728107664614,0.04249477932912654
China,2020-03-26,81782,74181,3291,121,6,408,4.2,4,1.4,0,4310,0.040241128854760215,0.04236187994135649
China,2020-03-27,81897,74720,3296,115,5,539,4.2,4,0.9,0,3881,0.04024567444472935,0.04215286838980664
China,2020-03-28,81999,75100,3299,102,3,380,4.2,4,0.8,0,3600,0.04023219795363358,0.04199851111151454
China,2020-03-29,82122,75582,3304,123,5,482,4.2,4,1,0,3236,0.04023282433452668,0.04181819024800332
China,2020-03-30,82198,75923,3308,76,4,341,4.2,4,1.2,0,2967,0.040244288182194214,0.04169693670206782
China,2020-03-31,82279,76206,3309,81,1,283,4.2,4,0.4,0,2764,0.040216823247730286,0.041567827750175944
China,2020-04-01,82361,76405,3316,82,7,199,4.2,4,3.4,0,2640,0.040261774383506754,0.041552325546951326
China,2020-04-02,82432,76565,3322,71,6,160,4.2,4,3.6,0,2545,0.04029988354037267,0.04154409942267867
China,2020-04-03,82511,76760,3326,79,4,195,4.2,4,2,0,2425,0.040309776878234414,0.04149448205608608
China,2020-04-04,82543,76946,3330,32,4,186,4.1,4,2.1,0,2267,0.040342609306664404,0.04145059781323926
China,2020-04-05,82602,77207,3333,59,3,261,4.1,4,1.1,0,2062,0.04035011258807293,0.04135737551338474
China,2020-04-06,82665,77310,3335,63,2,103,4.1,4,1.9,0,2020,0.04034355531361519,0.04132938948446746
China,2020-04-07,82718,77410,3335,53,0,100,4.1,4,0,0,1973,0.040317705940665874,0.04127936886555446
China,2020-04-08,82809,77567,3337,91,2,157,4.1,4,1.3,0,1905,0.040297552198432535,0.041224587145576135
China,2020-04-09,82883,77679,3339,74,2,112,4.1,4,1.8,0,1865,0.040285703944113994,0.041192196685155856
China,2020-04-10,82941,77791,3340,58,1,112,4.1,4,0.9,0,1810,0.04026958922607637,0.041148382060732305
China,2020-04-11,83014,77877,3343,73,3,86,4.1,4,3.4,0,1794,0.040270315850338495,0.04114059010089271
China,2020-04-12,83134,77956,3343,120,0,79,4.1,4,0,0,1835,0.04021218755262588,0.04109978305096673
China,2020-04-13,83213,78039,3345,79,2,83,4.1,4,2.4,0,1829,0.0401980459783928,0.04108158852696671
China,2020-04-14,83306,78200,3345,93,0,161,4.1,4,0,0,1761,0.040153170239838665,0.041001965438171986
China,2020-04-15,83356,78311,3346,50,1,111,4.1,4,0.9,0,1699,0.040141081625797784,0.04095925545470309
China,2020-04-16,83403,78401,3346,47,0,90,4.1,4,0,0,1656,0.040118460966631894,0.04091502909200799
China,2020-04-17,83760,77552,4636,357,1290,-849,5.6,5.5,292.5,0,1572,0.05534861509073544,0.056387392823813706
China,2020-04-18,83787,77614,4636,27,0,62,5.6,5.5,0,0,1537,0.05533077923782926,0.05634577449590681
China,2020-04-19,83805,77690,4636,18,0,76,5.6,5.5,0,0,1479,0.05531889505399439,0.05629516909235556
China,2020-04-20,83817,77745,4636,12,0,55,5.6,5.5,0,0,1436,0.0553109751005166,0.05625859384426002
China,2020-04-21,83853,77799,4636,36,0,54,5.6,5.5,0,0,1418,0.05528722884094785,0.056222166058417275
China,2020-04-22,83868,77861,4636,15,0,62,5.6,5.5,0,0,1371,0.055277340582820626,0.05618096573113759
China,2020-04-23,83884,77983,4636,16,0,122,5.6,5.5,0,0,1265,0.05526679700538839,0.05610023959529608
China,2020-04-24,83899,78109,4636,15,0,126,5.6,5.5,0,0,1154,0.05525691605382663,0.05601695468511086
China,2020-04-25,83909,78175,4636,10,0,66,5.6,5.5,0,0,1098,0.05525033071541789,0.055973314699561766
China,2020-04-26,83912,78277,4637,3,1,102,5.6,5.5,1,0,998,0.055260272666603105,0.05591750586473054
China,2020-04-27,83918,78374,4637,6,0,97,5.6,5.5,0,0,907,0.05525632164732239,0.05585354135863726
China,2020-04-28,83940,78422,4637,22,0,48,5.6,5.5,0,0,881,0.05524183940910174,0.05582163522181819
China,2020-04-29,83944,78474,4637,4,0,52,5.6,5.5,0,0,833,0.05523920709044124,0.05578736133024799
China,2020-04-30,83956,78523,4637,12,0,49,5.6,5.5,0,0,796,0.05523131163943018,0.055754968365155394
China,2020-05-01,83959,78573,4637,3,0,50,5.6,5.5,0,0,749,0.055229338129325026,0.05572204021318577
China,2020-05-02,83959,78586,4637,0,0,13,5.6,5.5,0,0,736,0.055229338129325026,0.05571348864163679
China,2020-05-03,83964,78684,4637,5,0,98,5.6,5.5,0,0,643,0.05522604925920633,0.05564897277015946
China,2020-05-04,83966,78792,4637,2,0,108,5.6,5.5,0,0,537,0.05522473382083224,0.05557792061145925
China,2020-05-05,83968,78870,4637,2,0,78,5.6,5.5,0,0,461,0.05522341844512195,0.05552660532468561
China,2020-05-06,83970,78929,4637,2,0,59,5.5,5.5,0,0,404,0.05522210313207098,0.05548779004007809
China,2020-05-07,83975,78977,4637,5,0,48,5.5,5.5,0,0,361,0.055218815123548676,0.05545619520404407
China,2020-05-08,83976,78993,4637,1,0,16,5.5,5.5,0,0,346,0.05521815756882919,0.055445668792498036
China,2020-05-09,83990,79127,4637,14,0,134,5.5,5.5,0,0,226,0.05520895344683891,0.05535750950683397
China,2020-05-10,84010,79167,4637,20,0,40,5.5,5.5,0,0,206,0.05519581002261636,0.05533115506326222
China,2020-05-11,84011,79198,4637,1,0,31,5.5,5.5,0,0,176,0.05519515301567652,0.05531078486068205
China,2020-05-12,84018,79222,4637,7,0,24,5.5,5.5,0,0,159,0.05519055440500845,0.05529499985896351
China,2020-05-13,84024,79246,4637,6,0,24,5.5,5.5,0,0,141,0.055186613348567073,0.05527922156148419
China,2020-05-14,84029,79261,4637,5,0,15,5.5,5.5,0,0,131,0.055183329564793104,0.055269359580299514
China,2020-05-15,84038,79281,4637,9,0,20,5.5,5.5,0,0,120,0.05517741973868964,0.055256208981278025
China,2020-05-16,84044,79293,4638,6,1,12,5.5,5.5,7.7,0,113,0.055185379087144826,0.05525957769545532
China,2020-05-17,84054,79306,4638,10,0,13,5.5,5.5,0,0,110,0.05517881361981583,0.055251025168322504
Japan,2020-01-22,2,0,0,NA,NA,NA,NaN,0,NA,NA,2,0,0
Japan,2020-01-23,2,0,0,0,0,0,NaN,0,NaN,0,2,0,0
Japan,2020-01-24,2,0,0,0,0,0,NaN,0,NaN,0,2,0,0
Japan,2020-01-25,2,0,0,0,0,0,NaN,0,NaN,0,2,0,0
Japan,2020-01-26,4,1,0,2,0,1,0,0,0,1,3,0,0
Japan,2020-01-27,4,1,0,0,0,0,0,0,NaN,0,3,0,0
Japan,2020-01-28,7,1,0,3,0,0,0,0,NaN,0.75,6,0,0
Japan,2020-01-29,7,1,0,0,0,0,0,0,NaN,0,6,0,0
Japan,2020-01-30,11,1,0,4,0,0,0,0,NaN,0.57,10,0,0
Japan,2020-01-31,15,1,0,4,0,0,0,0,NaN,0.36,14,0,0
Japan,2020-02-01,20,1,0,5,0,0,0,0,NaN,0.33,19,0,0
Japan,2020-02-02,20,1,0,0,0,0,0,0,NaN,0,19,0,0
Japan,2020-02-03,20,1,0,0,0,0,0,0,NaN,0,19,0,0
Japan,2020-02-04,22,1,0,2,0,0,0,0,NaN,0.1,21,0,0
Japan,2020-02-05,22,1,0,0,0,0,0,0,NaN,0,21,0,0
Japan,2020-02-06,22,1,0,0,0,0,0,0,NaN,0,21,0,0
Japan,2020-02-07,25,1,0,3,0,0,0,0,NaN,0.14,24,0,0
Japan,2020-02-08,25,1,0,0,0,0,0,0,NaN,0,24,0,0
Japan,2020-02-09,26,1,0,1,0,0,0,0,NaN,0.04,25,0,0
Japan,2020-02-10,26,4,0,0,0,3,0,0,0,0,22,0,0
Japan,2020-02-11,26,9,0,0,0,5,0,0,0,0,17,0,0
Japan,2020-02-12,28,9,0,2,0,0,0,0,NaN,0.08,19,0,0
Japan,2020-02-13,28,9,1,0,1,0,10,3.6,100,0,18,0.03571428571428571,0.0586734693877551
Japan,2020-02-14,29,9,1,1,0,0,10,3.4,NaN,0.04,19,0.034482758620689655,0.057074910820451845
Japan,2020-02-15,43,12,1,14,0,3,7.7,2.3,0,0.48,30,0.023255813953488372,0.0394808004326663
Japan,2020-02-16,59,12,1,16,0,0,7.7,1.7,NaN,0.37,46,0.01694915254237288,0.03016374604998564
Japan,2020-02-17,66,12,1,7,0,0,7.7,1.5,NaN,0.12,53,0.015151515151515152,0.027318640955004594
Japan,2020-02-18,74,13,1,8,0,1,7.1,1.4,0,0.12,60,0.013513513513513514,0.024470416362308255
Japan,2020-02-19,84,18,1,10,0,5,5.3,1.2,0,0.14,65,0.011904761904761904,0.021116780045351474
Japan,2020-02-20,94,18,1,10,0,0,5.3,1.1,NaN,0.12,75,0.010638297872340425,0.019126301493888637
Japan,2020-02-21,105,22,1,11,0,4,4.3,1,0,0.12,82,0.009523809523809525,0.016961451247165533
Japan,2020-02-22,122,22,1,17,0,0,4.3,0.8,NaN,0.16,99,0.00819672131147541,0.014848159097016932
Japan,2020-02-23,147,22,1,25,0,0,4.3,0.7,NaN,0.2,124,0.006802721088435374,0.012541070850108752
Japan,2020-02-24,159,22,1,12,0,0,4.3,0.6,NaN,0.08,136,0.006289308176100629,0.011668842213520035
Japan,2020-02-25,170,22,1,11,0,0,4.3,0.6,NaN,0.07,147,0.0058823529411764705,0.01096885813148789
Japan,2020-02-26,189,22,2,19,1,0,8.3,1.1,100,0.11,165,0.010582010582010581,0.019820273788527756
Japan,2020-02-27,214,22,4,25,2,0,15.4,1.9,100,0.13,188,0.018691588785046728,0.0351122368765831
Japan,2020-02-28,228,22,4,14,0,0,15.4,1.8,NaN,0.07,202,0.017543859649122806,0.033087103724222834
Japan,2020-02-29,241,32,5,13,1,10,13.5,2.1,9.1,0.06,204,0.02074688796680498,0.03830856906733699
Japan,2020-03-01,256,32,6,15,1,0,15.8,2.3,100,0.06,218,0.0234375,0.04339599609375
Japan,2020-03-02,274,32,6,18,0,0,15.8,2.2,NaN,0.07,236,0.021897810218978103,0.04075869785284245
Japan,2020-03-03,293,43,6,19,0,11,12.2,2,0,0.07,244,0.020477815699658702,0.03753101375671237
Japan,2020-03-04,331,43,6,38,0,0,12.2,1.8,NaN,0.13,282,0.01812688821752266,0.03357033981069906
Japan,2020-03-05,360,43,6,29,0,0,12.2,1.7,NaN,0.09,311,0.016666666666666666,0.031064814814814816
Japan,2020-03-06,420,46,6,60,0,3,11.5,1.4,0,0.17,368,0.014285714285714285,0.02680272108843537
Japan,2020-03-07,461,76,6,41,0,30,7.3,1.3,0,0.1,379,0.013015184381778741,0.02371530342883762
Japan,2020-03-08,502,76,6,41,0,0,7.3,1.2,NaN,0.09,420,0.01195219123505976,0.021952032507420515
Japan,2020-03-09,511,76,10,9,4,0,11.6,2,100,0.02,425,0.019569471624266144,0.03584545095951685
Japan,2020-03-10,581,101,10,70,0,25,9,1.7,0,0.14,470,0.01721170395869191,0.031135113357289496
Japan,2020-03-11,639,118,15,58,5,17,11.3,2.3,22.7,0.1,506,0.023474178403755867,0.04206249494882702
Japan,2020-03-12,639,118,16,0,1,0,11.9,2.5,100,0,505,0.025039123630672927,0.044827476421736824
Japan,2020-03-13,701,118,19,62,3,0,13.9,2.7,100,0.1,564,0.02710413694721826,0.04891117437693452
Japan,2020-03-14,773,118,22,72,3,0,15.7,2.8,100,0.1,633,0.028460543337645538,0.05176652513936562
Japan,2020-03-15,839,118,22,66,0,0,15.7,2.6,NaN,0.09,699,0.026221692491060787,0.048067893982421325
Japan,2020-03-16,839,144,27,0,5,26,15.8,3.2,16.1,0,668,0.03218116805721097,0.05780336145675438
Japan,2020-03-17,878,144,29,39,2,0,16.8,3.3,100,0.05,705,0.03302961275626424,0.05955111274848096
Japan,2020-03-18,889,144,29,11,0,0,16.8,3.3,NaN,0.01,716,0.03262092238470191,0.05889379125697027
Japan,2020-03-19,924,150,29,35,0,6,16.2,3.1,0,0.04,745,0.031385281385281384,0.05669051367103315
Japan,2020-03-20,963,191,33,39,4,41,14.7,3.4,8.9,0.04,739,0.03426791277258567,0.06056488841011507
Japan,2020-03-21,1007,232,35,44,2,41,13.1,3.5,4.7,0.05,740,0.03475670307845084,0.06029787515198969
Japan,2020-03-22,1101,235,41,94,6,3,14.9,3.7,66.7,0.09,825,0.03723887375113533,0.06514266198427487
Japan,2020-03-23,1128,235,42,27,1,0,15.2,3.7,100,0.02,851,0.03723404255319149,0.06532461898294854
Japan,2020-03-24,1193,285,43,65,1,50,13.1,3.6,2,0.06,865,0.03604358759430008,0.06217745454238857
Japan,2020-03-25,1307,310,45,114,2,25,12.7,3.4,7.4,0.1,952,0.03442999234889059,0.05950830353186216
Japan,2020-03-26,1387,359,47,80,2,49,11.6,3.4,3.9,0.06,981,0.033886085075702954,0.05785309982643446
Japan,2020-03-27,1468,372,49,81,2,13,11.6,3.3,13.3,0.06,1047,0.03337874659400545,0.057184977986324055
Japan,2020-03-28,1693,404,52,225,3,32,11.4,3.1,8.6,0.15,1237,0.03071470761961016,0.05315658199967972
Japan,2020-03-29,1866,424,54,173,2,20,11.3,2.9,9.1,0.1,1388,0.028938906752411574,0.050464738784752015
Japan,2020-03-30,1866,424,54,0,0,0,11.3,2.9,NaN,0,1388,0.028938906752411574,0.050464738784752015
Japan,2020-03-31,1953,424,56,87,2,0,11.7,2.9,100,0.05,1473,0.02867383512544803,0.05030033750116997
Japan,2020-04-01,2178,472,57,225,1,48,10.8,2.6,2,0.12,1649,0.026170798898071626,0.04598514572218554
Japan,2020-04-02,2495,472,62,317,5,0,11.6,2.5,100,0.15,1961,0.024849699398797595,0.04438086594029743
Japan,2020-04-03,2617,514,63,122,1,42,10.9,2.4,2.3,0.05,2040,0.02407336645013374,0.04283900174179321
Japan,2020-04-04,3139,514,77,522,14,0,13,2.5,100,0.2,2548,0.02453010512902198,0.044441767400047155
Japan,2020-04-05,3139,514,77,0,0,0,13,2.5,NaN,0,2548,0.02453010512902198,0.044441767400047155
Japan,2020-04-06,3654,575,85,515,8,61,12.9,2.3,11.6,0.16,2994,0.023262178434592228,0.042322649762772065
Japan,2020-04-07,3906,592,92,252,7,17,13.5,2.4,29.2,0.07,3222,0.023553507424475168,0.042982437511945464
Japan,2020-04-08,4257,622,93,351,1,30,13,2.2,3.2,0.09,3542,0.021846370683579985,0.040023454301442406
Japan,2020-04-09,4667,632,94,410,1,10,12.9,2,9.1,0.1,3941,0.02014141847010928,0.03714963149575759
Japan,2020-04-10,5530,685,99,863,5,53,12.6,1.8,8.6,0.18,4746,0.01790235081374322,0.033266646828576
Japan,2020-04-11,6005,762,99,475,0,77,11.5,1.6,0,0.09,5144,0.016486261448792672,0.030608714220248044
Japan,2020-04-12,6748,762,108,743,9,0,12.4,1.6,100,0.12,5878,0.016004742145820983,0.02994603946845521
Japan,2020-04-13,7370,784,123,622,15,22,13.6,1.7,40.5,0.09,6463,0.016689280868385347,0.03132467059055285
Japan,2020-04-14,7645,799,143,275,20,15,15.2,1.9,57.1,0.04,6703,0.01870503597122302,0.03510527875933393
Japan,2020-04-15,8100,853,146,455,3,54,14.6,1.8,5.3,0.06,7101,0.018024691358024692,0.033826337448559674
Japan,2020-04-16,8626,901,178,526,32,48,16.5,2.1,40,0.06,7547,0.020635288662184094,0.03868937207668715
Japan,2020-04-17,9787,935,190,1161,12,34,16.9,1.9,26.1,0.13,8662,0.019413507714314906,0.036595463760232524
Japan,2020-04-18,10296,1069,222,509,32,134,17.2,2.2,19.3,0.05,9005,0.02156177156177156,0.04041994492169317
Japan,2020-04-19,10797,1159,236,501,14,90,16.9,2.2,13.5,0.05,9402,0.02185792349726776,0.04089174740402996
Japan,2020-04-20,10797,1159,236,0,0,0,16.9,2.2,NaN,0,9402,0.02185792349726776,0.04089174740402996
Japan,2020-04-21,11135,1239,263,338,27,80,17.5,2.4,25.2,0.03,9633,0.023619218679838346,0.044052441270128674
Japan,2020-04-22,11512,1356,281,377,18,117,17.2,2.4,13.3,0.03,9875,0.024409312022237666,0.04534763344506575
Japan,2020-04-23,12368,1494,328,856,47,138,18,2.7,25.4,0.07,10546,0.02652005174644243,0.049133284744338764
Japan,2020-04-24,12829,1530,345,461,17,36,18.4,2.7,32.1,0.04,10954,0.026892197365344143,0.049854012778858814
Japan,2020-04-25,13231,1656,360,402,15,126,17.9,2.7,10.6,0.03,11215,0.02720882775300431,0.05027186178292973
Japan,2020-04-26,13441,1809,372,210,12,153,17.1,2.8,7.3,0.02,11260,0.02767651216427349,0.05086210304067551
Japan,2020-04-27,14153,1899,385,712,13,90,16.9,2.7,12.6,0.05,11869,0.027202713205680774,0.050015473965818215
Japan,2020-04-28,13736,1899,394,-417,9,0,17.2,2.9,100,-0.03,11443,0.028683750728013976,0.05257921953848747
Japan,2020-04-29,13895,2368,413,159,19,469,14.9,3,3.9,0.01,11114,0.029722921914357683,0.05349698122750423
Japan,2020-04-30,14088,2460,430,193,17,92,14.9,3.1,15.6,0.01,11198,0.03052243043725156,0.05478351618656608
Japan,2020-05-01,14305,2975,455,217,25,515,13.3,3.2,4.6,0.02,10875,0.031807060468367704,0.0559875416003844
Japan,2020-05-02,14571,3205,474,266,19,230,12.9,3.3,7.6,0.02,10892,0.03253036854025118,0.05684721530028247
Japan,2020-05-03,14877,3981,487,306,13,776,10.9,3.3,1.6,0.02,10409,0.03273509444108355,0.05563887867427833
Japan,2020-05-04,15078,4156,536,201,49,175,11.4,3.6,21.9,0.01,10386,0.03554848123093248,0.06003492015283623
Japan,2020-05-05,15253,4496,556,175,20,340,11,3.6,5.6,0.01,10201,0.03645184553858257,0.06083034657700654
Japan,2020-05-06,15253,4496,556,0,0,0,11,3.6,NaN,0,10201,0.03645184553858257,0.06083034657700654
Japan,2020-05-07,15477,4918,577,224,21,422,10.5,3.7,4.7,0.01,9982,0.03728112683336564,0.06132585178333371
Japan,2020-05-08,15575,5146,590,98,13,228,10.3,3.8,5.4,0.01,9839,0.037881219903691817,0.061811449286190936
Japan,2020-05-09,15663,5906,607,88,17,760,9.3,3.9,2.2,0.01,9150,0.038753750877865034,0.06139288900801028
Japan,2020-05-10,15777,8127,624,114,17,2221,7.1,4,0.8,0.01,7026,0.03955124548393231,0.05716467330735301
Japan,2020-05-11,15847,8293,633,70,9,166,7.1,4,5.1,0,6921,0.03994446898466587,0.057389769031543664
Japan,2020-05-12,15968,8531,657,121,24,238,7.2,4.1,9.2,0.01,6780,0.04114478957915832,0.05861483425267369
Japan,2020-05-13,16049,8920,678,81,21,389,7.1,4.2,5.1,0.01,6451,0.042245622780235526,0.05922652579944541
Japan,2020-05-14,16120,9868,697,71,19,948,6.6,4.3,2,0,5555,0.04323821339950372,0.058138230485995236
Japan,2020-05-15,16203,10338,713,83,16,470,6.5,4.4,3.3,0.01,5152,0.04400419675368759,0.05799602676510514
Japan,2020-05-16,16237,10338,725,34,12,0,6.6,4.5,100,0,5174,0.04465110549978444,0.05887940012661728
Japan,2020-05-17,16285,11153,744,48,19,815,6.3,4.6,2.3,0,4388,0.04568621430764507,0.05799638368940415
Norway,2020-01-22,0,0,0,NA,NA,NA,NaN,NaN,NA,NA,0,NaN,NaN
Norway,2020-01-23,0,0,0,0,0,0,NaN,NaN,NaN,NaN,0,NaN,NaN
Norway,2020-01-24,0,0,0,0,0,0,NaN,NaN,NaN,NaN,0,NaN,NaN
Norway,2020-01-25,0,0,0,0,0,0,NaN,NaN,NaN,NaN,0,NaN,NaN
Norway,2020-01-26,0,0,0,0,0,0,NaN,NaN,NaN,NaN,0,NaN,NaN
Norway,2020-01-27,0,0,0,0,0,0,NaN,NaN,NaN,NaN,0,NaN,NaN
Norway,2020-01-28,0,0,0,0,0,0,NaN,NaN,NaN,NaN,0,NaN,NaN
Norway,2020-01-29,0,0,0,0,0,0,NaN,NaN,NaN,NaN,0,NaN,NaN
Norway,2020-01-30,0,0,0,0,0,0,NaN,NaN,NaN,NaN,0,NaN,NaN
Norway,2020-01-31,0,0,0,0,0,0,NaN,NaN,NaN,NaN,0,NaN,NaN
Norway,2020-02-01,0,0,0,0,0,0,NaN,NaN,NaN,NaN,0,NaN,NaN
Norway,2020-02-02,0,0,0,0,0,0,NaN,NaN,NaN,NaN,0,NaN,NaN
Norway,2020-02-03,0,0,0,0,0,0,NaN,NaN,NaN,NaN,0,NaN,NaN
Norway,2020-02-04,0,0,0,0,0,0,NaN,NaN,NaN,NaN,0,NaN,NaN
Norway,2020-02-05,0,0,0,0,0,0,NaN,NaN,NaN,NaN,0,NaN,NaN
Norway,2020-02-06,0,0,0,0,0,0,NaN,NaN,NaN,NaN,0,NaN,NaN
Norway,2020-02-07,0,0,0,0,0,0,NaN,NaN,NaN,NaN,0,NaN,NaN
Norway,2020-02-08,0,0,0,0,0,0,NaN,NaN,NaN,NaN,0,NaN,NaN
Norway,2020-02-09,0,0,0,0,0,0,NaN,NaN,NaN,NaN,0,NaN,NaN
Norway,2020-02-10,0,0,0,0,0,0,NaN,NaN,NaN,NaN,0,NaN,NaN
Norway,2020-02-11,0,0,0,0,0,0,NaN,NaN,NaN,NaN,0,NaN,NaN
Norway,2020-02-12,0,0,0,0,0,0,NaN,NaN,NaN,NaN,0,NaN,NaN
Norway,2020-02-13,0,0,0,0,0,0,NaN,NaN,NaN,NaN,0,NaN,NaN
Norway,2020-02-14,0,0,0,0,0,0,NaN,NaN,NaN,NaN,0,NaN,NaN
Norway,2020-02-15,0,0,0,0,0,0,NaN,NaN,NaN,NaN,0,NaN,NaN
Norway,2020-02-16,0,0,0,0,0,0,NaN,NaN,NaN,NaN,0,NaN,NaN
Norway,2020-02-17,0,0,0,0,0,0,NaN,NaN,NaN,NaN,0,NaN,NaN
Norway,2020-02-18,0,0,0,0,0,0,NaN,NaN,NaN,NaN,0,NaN,NaN
Norway,2020-02-19,0,0,0,0,0,0,NaN,NaN,NaN,NaN,0,NaN,NaN
Norway,2020-02-20,0,0,0,0,0,0,NaN,NaN,NaN,NaN,0,NaN,NaN
Norway,2020-02-21,0,0,0,0,0,0,NaN,NaN,NaN,NaN,0,NaN,NaN
Norway,2020-02-22,0,0,0,0,0,0,NaN,NaN,NaN,NaN,0,NaN,NaN
Norway,2020-02-23,0,0,0,0,0,0,NaN,NaN,NaN,NaN,0,NaN,NaN
Norway,2020-02-24,0,0,0,0,0,0,NaN,NaN,NaN,NaN,0,NaN,NaN
Norway,2020-02-25,0,0,0,0,0,0,NaN,NaN,NaN,NaN,0,NaN,NaN
Norway,2020-02-26,1,0,0,1,0,0,NaN,0,NaN,Inf,1,0,0
Norway,2020-02-27,1,0,0,0,0,0,NaN,0,NaN,0,1,0,0
Norway,2020-02-28,6,0,0,5,0,0,NaN,0,NaN,5,6,0,0
Norway,2020-02-29,15,0,0,9,0,0,NaN,0,NaN,1.5,15,0,0
Norway,2020-03-01,19,0,0,4,0,0,NaN,0,NaN,0.27,19,0,0
Norway,2020-03-02,25,0,0,6,0,0,NaN,0,NaN,0.32,25,0,0
Norway,2020-03-03,32,0,0,7,0,0,NaN,0,NaN,0.28,32,0,0
Norway,2020-03-04,56,0,0,24,0,0,NaN,0,NaN,0.75,56,0,0
Norway,2020-03-05,87,0,0,31,0,0,NaN,0,NaN,0.55,87,0,0
Norway,2020-03-06,108,0,0,21,0,0,NaN,0,NaN,0.24,108,0,0
Norway,2020-03-07,147,0,0,39,0,0,NaN,0,NaN,0.36,147,0,0
Norway,2020-03-08,176,0,0,29,0,0,NaN,0,NaN,0.2,176,0,0
Norway,2020-03-09,205,1,0,29,0,1,0,0,0,0.16,204,0,0
Norway,2020-03-10,400,1,0,195,0,0,0,0,NaN,0.95,399,0,0
Norway,2020-03-11,598,1,0,198,0,0,0,0,NaN,0.5,597,0,0
Norway,2020-03-12,702,1,0,104,0,0,0,0,NaN,0.17,701,0,0
Norway,2020-03-13,996,1,0,294,0,0,0,0,NaN,0.42,995,0,0
Norway,2020-03-14,1090,1,3,94,3,0,75,0.3,100,0.09,1086,0.0027522935779816515,0.005494486996044105
Norway,2020-03-15,1221,1,3,131,0,0,75,0.2,NaN,0.12,1217,0.002457002457002457,0.004905955765906626
Norway,2020-03-16,1333,1,3,112,0,0,75,0.2,NaN,0.09,1329,0.002250562640660165,0.004494371905054283
Norway,2020-03-17,1463,1,3,130,0,0,75,0.2,NaN,0.1,1459,0.002050580997949419,0.004095555485993303
Norway,2020-03-18,1550,1,6,87,3,0,85.7,0.4,100,0.06,1543,0.003870967741935484,0.0077244536940686784
Norway,2020-03-19,1746,1,7,196,1,0,87.5,0.4,100,0.13,1738,0.004009163802978236,0.007999958012357488
Norway,2020-03-20,1914,1,7,168,0,0,87.5,0.4,NaN,0.1,1906,0.0036572622779519333,0.007299238193195604
Norway,2020-03-21,2118,1,7,204,0,0,87.5,0.3,NaN,0.11,2110,0.0033050047214353163,0.0065975259500606785
Norway,2020-03-22,2385,1,7,267,0,0,87.5,0.3,NaN,0.13,2377,0.0029350104821802936,0.0058601760654685775
Norway,2020-03-23,2621,1,10,236,3,0,90.9,0.4,100,0.1,2610,0.0038153376573826785,0.00761466283318153
Norway,2020-03-24,2863,6,12,242,2,5,66.7,0.4,28.6,0.09,2845,0.0041914076143905,0.008356463382096042
Norway,2020-03-25,3084,6,14,221,2,0,70,0.5,100,0.08,3064,0.004539559014267186,0.00904967860561435
Norway,2020-03-26,3369,6,14,285,0,0,70,0.4,NaN,0.09,3349,0.004155535767289997,0.00828640228098967
Norway,2020-03-27,3755,6,19,386,5,0,76,0.5,100,0.11,3730,0.005059920106524634,0.010086152329517147
Norway,2020-03-28,4015,7,23,260,4,1,76.7,0.6,80,0.07,3985,0.00572851805728518,0.011414232741788653
Norway,2020-03-29,4284,7,25,269,2,0,78.1,0.6,100,0.07,4252,0.005835667600373483,0.011627744779829143
Norway,2020-03-30,4445,12,32,161,7,5,72.7,0.7,58.3,0.04,4401,0.007199100112485939,0.014326938041631184
Norway,2020-03-31,4641,13,39,196,7,1,75,0.8,87.5,0.04,4589,0.008403361344537815,0.016712567379893135
Norway,2020-04-01,4863,13,44,222,5,0,77.2,0.9,100,0.05,4806,0.009047912811022003,0.017989773590329373
Norway,2020-04-02,5147,32,50,284,6,19,61,1,24,0.06,5065,0.009714396735962697,0.019274027485457753
Norway,2020-04-03,5370,32,59,223,9,0,64.8,1.1,100,0.04,5279,0.010986964618249535,0.021787744174998007
Norway,2020-04-04,5550,32,62,180,3,0,66,1.1,100,0.03,5456,0.011171171171171172,0.02215313692070449
Norway,2020-04-05,5687,32,71,137,9,0,68.9,1.2,100,0.02,5584,0.012484614032002813,0.024743113197591652
Norway,2020-04-06,5865,32,76,178,5,0,70.4,1.3,100,0.03,5757,0.012958226768968456,0.025677836574416267
Norway,2020-04-07,6086,32,89,221,13,0,73.6,1.5,100,0.04,5965,0.01462372658560631,0.02895670868931016
Norway,2020-04-08,6086,32,101,0,12,0,75.9,1.7,100,0,5953,0.016595465001643116,0.032828262102330176
Norway,2020-04-09,6211,32,108,125,7,0,77.1,1.7,100,0.02,6071,0.017388504266623733,0.03438506028057844
Norway,2020-04-10,6314,32,113,103,5,0,77.9,1.8,100,0.02,6169,0.01789673740893253,0.03538247910606664
Norway,2020-04-11,6409,32,119,95,6,0,78.8,1.9,100,0.02,6258,0.01856763925729443,0.03669781346109355
Norway,2020-04-12,6525,32,128,116,9,0,80,2,100,0.02,6365,0.019616858237547892,0.03875269006620572
Norway,2020-04-13,6603,32,134,78,6,0,80.7,2,100,0.01,6437,0.020293805845827653,0.040077423630106405
Norway,2020-04-14,6623,32,139,20,5,0,81.3,2.1,100,0,6452,0.020987467914842215,0.04143305797773848
Norway,2020-04-15,6740,32,150,117,11,0,82.4,2.2,100,0.02,6558,0.02225519287833828,0.04390942950981342
Norway,2020-04-16,6896,32,152,156,2,0,82.6,2.2,100,0.02,6712,0.022041763341067284,0.04349540538649124
Norway,2020-04-17,6937,32,161,41,9,0,83.4,2.3,100,0.01,6744,0.02320887991927346,0.045772046443070515
Norway,2020-04-18,7036,32,164,99,3,0,83.7,2.3,100,0.01,6840,0.023308698123934053,0.045968091979492455
Norway,2020-04-19,7078,32,165,42,1,0,83.8,2.3,100,0.01,6881,0.02331166996326646,0.04597451271789157
Norway,2020-04-20,7156,32,181,78,16,0,85,2.5,100,0.01,6943,0.02529346003353829,0.049834054361774224
Norway,2020-04-21,7191,32,182,35,1,0,85,2.5,100,0,6977,0.025309414545960227,0.04986563555655187
Norway,2020-04-22,7338,32,187,147,5,0,85.4,2.5,100,0.02,7119,0.025483783047151813,0.05020701165340334
Norway,2020-04-23,7401,32,194,63,7,0,85.8,2.6,100,0.01,7175,0.026212673962977977,0.05162490686182502
Norway,2020-04-24,7463,32,199,62,5,0,86.1,2.7,100,0.01,7232,0.02666488007503685,0.0525044101169324
Norway,2020-04-25,7499,32,201,36,2,0,86.3,2.7,100,0,7266,0.026803573809841313,0.05277433888549233
Norway,2020-04-26,7527,32,201,28,0,0,86.3,2.7,NaN,0,7294,0.026703866082104424,0.052581107905257024
Norway,2020-04-27,7599,32,205,72,4,0,86.5,2.7,100,0.01,7362,0.026977233846558757,0.05311309324626471
Norway,2020-04-28,7660,32,206,61,1,0,86.6,2.7,100,0.01,7422,0.02689295039164491,0.05295032347347108
Norway,2020-04-29,7710,32,207,50,1,0,86.6,2.7,100,0.01,7471,0.026848249027237352,0.05286423715726203
Norway,2020-04-30,7738,32,210,28,3,0,86.8,2.7,100,0,7496,0.027138795554406823,0.053428846145752586
Norway,2020-05-01,7783,32,210,45,0,0,86.8,2.7,NaN,0.01,7541,0.026981883592445074,0.053124808450549704
Norway,2020-05-02,7809,32,211,26,1,0,86.8,2.7,100,0,7566,0.027020105007043157,0.053199399985054234
Norway,2020-05-03,7847,32,211,38,0,0,86.8,2.7,NaN,0,7604,0.026889257040907354,0.05294582777355161
Norway,2020-05-04,7904,32,214,57,3,0,87,2.7,100,0.01,7658,0.0270748987854251,0.053307132451769414
Norway,2020-05-05,7955,32,215,51,1,0,87,2.7,100,0.01,7708,0.02702702702702703,0.05321487420796032
Norway,2020-05-06,7996,32,216,41,1,0,87.1,2.7,100,0.01,7748,0.027013506753376687,0.05318917587858461
Norway,2020-05-07,8034,32,217,38,1,0,87.1,2.7,100,0,7785,0.027010206621857106,0.05318327838575524
Norway,2020-05-08,8070,32,218,36,1,0,87.2,2.7,100,0,7820,0.02701363073110285,0.05319040796991627
Norway,2020-05-09,8099,32,219,29,1,0,87.3,2.7,100,0,7848,0.027040375354982098,0.053242729446338996
Norway,2020-05-10,8105,32,219,6,0,0,87.3,2.7,NaN,0,7854,0.0270203578038248,0.05320393463186181
Norway,2020-05-11,8132,32,224,27,5,0,87.5,2.8,100,0,7876,0.027545499262174127,0.054223850490516895
Norway,2020-05-12,8157,32,228,25,4,0,87.7,2.8,100,0,7897,0.027951452739977935,0.05501196791560693
Norway,2020-05-13,8175,32,229,18,1,0,87.7,2.8,100,0,7914,0.02801223241590214,0.055130129338158966
Norway,2020-05-14,8196,32,232,21,3,0,87.9,2.8,100,0,7932,0.028306490971205467,0.05570120624494897
Norway,2020-05-15,8219,32,232,23,0,0,87.9,2.8,NaN,0,7955,0.028227278257695585,0.0555478766930245
Norway,2020-05-16,8237,32,232,18,0,0,87.9,2.8,NaN,0,7973,0.02816559426975841,0.055428467052662835
Norway,2020-05-17,8249,32,232,12,0,0,87.9,2.8,NaN,0,7985,0.028124621166201964,0.055349145352421227
Sweden,2020-01-22,0,0,0,NA,NA,NA,NaN,NaN,NA,NA,0,NaN,NaN
Sweden,2020-01-23,0,0,0,0,0,0,NaN,NaN,NaN,NaN,0,NaN,NaN
Sweden,2020-01-24,0,0,0,0,0,0,NaN,NaN,NaN,NaN,0,NaN,NaN
Sweden,2020-01-25,0,0,0,0,0,0,NaN,NaN,NaN,NaN,0,NaN,NaN
Sweden,2020-01-26,0,0,0,0,0,0,NaN,NaN,NaN,NaN,0,NaN,NaN
Sweden,2020-01-27,0,0,0,0,0,0,NaN,NaN,NaN,NaN,0,NaN,NaN
Sweden,2020-01-28,0,0,0,0,0,0,NaN,NaN,NaN,NaN,0,NaN,NaN
Sweden,2020-01-29,0,0,0,0,0,0,NaN,NaN,NaN,NaN,0,NaN,NaN
Sweden,2020-01-30,0,0,0,0,0,0,NaN,NaN,NaN,NaN,0,NaN,NaN
Sweden,2020-01-31,1,0,0,1,0,0,NaN,0,NaN,Inf,1,0,0
Sweden,2020-02-01,1,0,0,0,0,0,NaN,0,NaN,0,1,0,0
Sweden,2020-02-02,1,0,0,0,0,0,NaN,0,NaN,0,1,0,0
Sweden,2020-02-03,1,0,0,0,0,0,NaN,0,NaN,0,1,0,0
Sweden,2020-02-04,1,0,0,0,0,0,NaN,0,NaN,0,1,0,0
Sweden,2020-02-05,1,0,0,0,0,0,NaN,0,NaN,0,1,0,0
Sweden,2020-02-06,1,0,0,0,0,0,NaN,0,NaN,0,1,0,0
Sweden,2020-02-07,1,0,0,0,0,0,NaN,0,NaN,0,1,0,0
Sweden,2020-02-08,1,0,0,0,0,0,NaN,0,NaN,0,1,0,0
Sweden,2020-02-09,1,0,0,0,0,0,NaN,0,NaN,0,1,0,0
Sweden,2020-02-10,1,0,0,0,0,0,NaN,0,NaN,0,1,0,0
Sweden,2020-02-11,1,0,0,0,0,0,NaN,0,NaN,0,1,0,0
Sweden,2020-02-12,1,0,0,0,0,0,NaN,0,NaN,0,1,0,0
Sweden,2020-02-13,1,0,0,0,0,0,NaN,0,NaN,0,1,0,0
Sweden,2020-02-14,1,0,0,0,0,0,NaN,0,NaN,0,1,0,0
Sweden,2020-02-15,1,0,0,0,0,0,NaN,0,NaN,0,1,0,0
Sweden,2020-02-16,1,0,0,0,0,0,NaN,0,NaN,0,1,0,0
Sweden,2020-02-17,1,0,0,0,0,0,NaN,0,NaN,0,1,0,0
Sweden,2020-02-18,1,0,0,0,0,0,NaN,0,NaN,0,1,0,0
Sweden,2020-02-19,1,0,0,0,0,0,NaN,0,NaN,0,1,0,0
Sweden,2020-02-20,1,0,0,0,0,0,NaN,0,NaN,0,1,0,0
Sweden,2020-02-21,1,0,0,0,0,0,NaN,0,NaN,0,1,0,0
Sweden,2020-02-22,1,0,0,0,0,0,NaN,0,NaN,0,1,0,0
Sweden,2020-02-23,1,0,0,0,0,0,NaN,0,NaN,0,1,0,0
Sweden,2020-02-24,1,0,0,0,0,0,NaN,0,NaN,0,1,0,0
Sweden,2020-02-25,1,0,0,0,0,0,NaN,0,NaN,0,1,0,0
Sweden,2020-02-26,2,0,0,1,0,0,NaN,0,NaN,1,2,0,0
Sweden,2020-02-27,7,0,0,5,0,0,NaN,0,NaN,2.5,7,0,0
Sweden,2020-02-28,7,0,0,0,0,0,NaN,0,NaN,0,7,0,0
Sweden,2020-02-29,12,0,0,5,0,0,NaN,0,NaN,0.71,12,0,0
Sweden,2020-03-01,14,0,0,2,0,0,NaN,0,NaN,0.17,14,0,0
Sweden,2020-03-02,15,0,0,1,0,0,NaN,0,NaN,0.07,15,0,0
Sweden,2020-03-03,21,0,0,6,0,0,NaN,0,NaN,0.4,21,0,0
Sweden,2020-03-04,35,0,0,14,0,0,NaN,0,NaN,0.67,35,0,0
Sweden,2020-03-05,94,0,0,59,0,0,NaN,0,NaN,1.69,94,0,0
Sweden,2020-03-06,101,0,0,7,0,0,NaN,0,NaN,0.07,101,0,0
Sweden,2020-03-07,161,0,0,60,0,0,NaN,0,NaN,0.59,161,0,0
Sweden,2020-03-08,203,0,0,42,0,0,NaN,0,NaN,0.26,203,0,0
Sweden,2020-03-09,248,1,0,45,0,1,0,0,0,0.22,247,0,0
Sweden,2020-03-10,355,1,0,107,0,0,0,0,NaN,0.43,354,0,0
Sweden,2020-03-11,500,1,1,145,1,0,50,0.2,100,0.41,498,0.002,0.003992
Sweden,2020-03-12,599,1,1,99,0,0,50,0.2,NaN,0.2,597,0.001669449081803005,0.0033333240431325443
Sweden,2020-03-13,814,1,1,215,0,0,50,0.1,NaN,0.36,812,0.0012285012285012285,0.002453984026465599
Sweden,2020-03-14,961,1,2,147,1,0,66.7,0.2,100,0.18,958,0.002081165452653486,0.004155834030844994
Sweden,2020-03-15,1022,1,3,61,1,0,75,0.3,100,0.06,1018,0.0029354207436399216,0.005859352560690255
Sweden,2020-03-16,1103,1,6,81,3,0,85.7,0.5,100,0.08,1096,0.005439709882139619,0.010844897580077083
Sweden,2020-03-17,1190,1,7,87,1,0,87.5,0.6,100,0.08,1182,0.0058823529411764705,0.011725160652496293
Sweden,2020-03-18,1279,1,10,89,3,0,90.9,0.8,100,0.07,1268,0.007818608287724784,0.015569972876337003
Sweden,2020-03-19,1439,16,11,160,1,15,40.7,0.8,6.2,0.13,1412,0.007644197359277276,0.01514496641507958
Sweden,2020-03-20,1639,16,16,200,5,0,50,1,100,0.14,1607,0.009762050030506406,0.01933350481941659
Sweden,2020-03-21,1763,16,20,124,4,0,55.6,1.1,100,0.08,1727,0.011344299489506523,0.022456951343379335
Sweden,2020-03-22,1934,16,21,171,1,0,56.8,1.1,100,0.1,1897,0.010858324715615306,0.021508915194168685
Sweden,2020-03-23,2046,16,25,112,4,0,61,1.2,100,0.06,2005,0.012218963831867057,0.024193070617249977
Sweden,2020-03-24,2286,16,36,240,11,0,69.2,1.6,100,0.12,2234,0.015748031496062992,0.031137840053457884
Sweden,2020-03-25,2526,16,62,240,26,0,79.5,2.5,100,0.1,2448,0.02454473475851148,0.04833155609217581
Sweden,2020-03-26,2840,16,77,314,15,0,82.8,2.7,100,0.12,2747,0.027112676056338027,0.05333750743900019
Sweden,2020-03-27,3069,16,105,229,28,0,86.8,3.4,100,0.08,2948,0.03421309872922776,0.06707729392432826
Sweden,2020-03-28,3447,16,105,378,0,0,86.8,3,NaN,0.12,3326,0.030461270670147953,0.059853259718280274
Sweden,2020-03-29,3700,16,110,253,5,0,87.3,3,100,0.07,3574,0.02972972972972973,0.05844704163623082
Sweden,2020-03-30,4028,16,146,328,36,0,90.1,3.6,100,0.09,3866,0.03624627606752731,0.07103478234286509
Sweden,2020-03-31,4435,16,180,407,34,0,91.8,4.1,100,0.1,4239,0.040586245772266064,0.07937882656789985
Sweden,2020-04-01,4947,103,239,512,59,87,69.9,4.8,40.4,0.12,4605,0.04831210834849404,0.09328426499794118
Sweden,2020-04-02,5568,103,308,621,69,0,74.9,5.5,100,0.13,5157,0.05531609195402299,0.10654904565497424
Sweden,2020-04-03,6131,205,358,563,50,102,63.6,5.8,32.9,0.1,5568,0.058391779481324416,0.11142153452161382
Sweden,2020-04-04,6443,205,373,312,15,0,64.5,5.8,100,0.05,5865,0.05789228620207978,0.11059106915647958
Sweden,2020-04-05,6830,205,401,387,28,0,66.2,5.9,100,0.06,6224,0.05871156661786237,0.11221387856948394
Sweden,2020-04-06,7206,205,477,376,76,0,69.9,6.6,100,0.06,6524,0.06619483763530391,0.12612477390129376
Sweden,2020-04-07,7693,205,591,487,114,0,74.2,7.7,100,0.07,6897,0.076823085922267,0.14569723431767523
Sweden,2020-04-08,8419,205,687,726,96,0,77,8.2,100,0.09,7527,0.08160114027794275,0.15455657238057668
Sweden,2020-04-09,9141,205,793,722,106,0,79.5,8.7,100,0.09,8143,0.08675199649928891,0.1640325464931309
Sweden,2020-04-10,9685,381,870,544,77,176,69.5,9,30.4,0.06,8434,0.08982963345379452,0.16805607935460024
Sweden,2020-04-11,10151,381,887,466,17,0,70,8.7,100,0.05,8883,0.08738055364003547,0.16384607013933947
Sweden,2020-04-12,10483,381,899,332,12,0,70.2,8.6,100,0.03,9203,0.0857578937327101,0.1610445383976086
Sweden,2020-04-13,10948,381,919,465,20,0,70.7,8.4,100,0.04,9648,0.08394227256119839,0.15791697530785914
Sweden,2020-04-14,11445,381,1033,497,114,0,73.1,9,100,0.05,10031,0.09025775447793796,0.16936439800508482
Sweden,2020-04-15,11927,381,1203,482,170,0,75.9,10.1,100,0.04,10343,0.10086358681982058,0.18833169099332642
Sweden,2020-04-16,12540,550,1333,613,130,169,70.8,10.6,43.5,0.05,10657,0.10629984051036682,0.1966377512216092
Sweden,2020-04-17,13216,550,1400,676,67,0,71.8,10.6,100,0.05,11266,0.1059322033898305,0.19623427689087702
Sweden,2020-04-18,13822,550,1511,606,111,0,73.3,10.9,100,0.05,11761,0.10931847778903198,0.2023364648586894
Sweden,2020-04-19,14385,550,1540,563,29,0,73.7,10.7,100,0.04,12295,0.1070559610705596,0.19855773662582762
Sweden,2020-04-20,14777,550,1580,392,40,0,74.2,10.7,100,0.03,12647,0.10692292075522772,0.1984336589829712
Sweden,2020-04-21,15322,550,1765,545,185,0,76.2,11.5,100,0.04,13007,0.11519383892442239,0.21298304809358842
Sweden,2020-04-22,16004,550,1937,682,172,0,77.9,12.1,100,0.04,13517,0.12103224193951512,0.22325623683431803
Sweden,2020-04-23,16755,550,2021,751,84,0,78.6,12.1,100,0.05,14184,0.12062071023575052,0.22273256663586305
Sweden,2020-04-24,17567,1005,2152,812,131,455,68.2,12.3,22.4,0.05,14410,0.12250241930893152,0.22298968874831804
Sweden,2020-04-25,18177,1005,2192,610,40,0,68.6,12.1,100,0.03,14980,0.12059195686857017,0.21997400637570452
Sweden,2020-04-26,18640,1005,2194,463,2,0,68.6,11.8,100,0.03,15441,0.11770386266094421,0.21520736820534547
Sweden,2020-04-27,18926,1005,2274,286,80,0,69.4,12,100,0.02,15647,0.12015217161576668,0.21948753192813597
Sweden,2020-04-28,19621,1005,2355,695,81,0,70.1,12,100,0.04,16261,0.12002446358493452,0.21949532655596657
Sweden,2020-04-29,20302,1005,2462,681,107,0,71,12.1,100,0.03,16835,0.1212688405083243,0.22182843709770664
Sweden,2020-04-30,21092,1005,2586,790,124,0,72,12.3,100,0.04,17501,0.12260572728996776,0.2243373237863515
Sweden,2020-05-01,21520,1005,2653,428,67,0,72.5,12.3,100,0.02,17862,0.12328066914498141,0.22560591599756774
Sweden,2020-05-02,22082,1005,2669,562,16,0,72.6,12.1,100,0.03,18408,0.12086767502943574,0.22162540358399843
Sweden,2020-05-03,22317,1005,2679,235,10,0,72.7,12,100,0.01,18633,0.12004301653448043,0.22026981794537678
Sweden,2020-05-04,22721,4074,2769,404,90,3069,40.5,12.2,2.8,0.02,15878,0.1218696360195414,0.20703516925831952
Sweden,2020-05-05,23216,4074,2854,495,85,0,41.2,12.3,100,0.02,16288,0.12293246037215713,0.20918004456158235
Sweden,2020-05-06,23918,4074,2941,702,87,0,41.9,12.3,100,0.03,16903,0.12296178610251693,0.2098596484024937
Sweden,2020-05-07,24623,4971,3040,705,99,897,37.9,12.3,9.9,0.03,16612,0.12346180400438614,0.20675577663651312
Sweden,2020-05-08,25265,4971,3175,642,135,0,39,12.6,100,0.03,17119,0.12566792004749652,0.21081769733992056
Sweden,2020-05-09,25921,4971,3220,656,45,0,39.3,12.4,100,0.03,17730,0.12422360248447205,0.20919271910997606
Sweden,2020-05-10,26322,4971,3225,401,5,0,39.3,12.3,100,0.02,18126,0.12252108502393436,0.2068922265460008
Sweden,2020-05-11,26670,4971,3256,348,31,0,39.6,12.2,100,0.01,18443,0.12208473940757406,0.20650951814375282
Sweden,2020-05-12,27272,4971,3313,602,57,0,40,12.1,100,0.02,18988,0.12147990613083015,0.20605971170475956
Sweden,2020-05-13,27909,4971,3460,637,147,0,41,12.4,100,0.02,19478,0.12397434519330681,0.2104974128659296
Sweden,2020-05-14,28582,4971,3529,673,69,0,41.5,12.3,100,0.02,20082,0.12346931635294942,0.21022009694912638
Sweden,2020-05-15,29207,4971,3646,625,117,0,42.3,12.5,100,0.02,20590,0.12483308795836615,0.21283641870314512
Sweden,2020-05-16,29677,4971,3674,470,28,0,42.5,12.4,100,0.02,21032,0.12379957542878323,0.21153595951134443
Sweden,2020-05-17,30143,4971,3679,466,5,0,42.5,12.2,100,0.02,21493,0.1220515542580367,0.2090785275409874
US,2020-01-22,1,0,0,NA,NA,NA,NaN,0,NA,NA,1,0,0
US,2020-01-23,1,0,0,0,0,0,NaN,0,NaN,0,1,0,0
US,2020-01-24,2,0,0,1,0,0,NaN,0,NaN,1,2,0,0
US,2020-01-25,2,0,0,0,0,0,NaN,0,NaN,0,2,0,0
US,2020-01-26,5,0,0,3,0,0,NaN,0,NaN,1.5,5,0,0
US,2020-01-27,5,0,0,0,0,0,NaN,0,NaN,0,5,0,0
US,2020-01-28,5,0,0,0,0,0,NaN,0,NaN,0,5,0,0
US,2020-01-29,5,0,0,0,0,0,NaN,0,NaN,0,5,0,0
US,2020-01-30,5,0,0,0,0,0,NaN,0,NaN,0,5,0,0
US,2020-01-31,7,0,0,2,0,0,NaN,0,NaN,0.4,7,0,0
US,2020-02-01,8,0,0,1,0,0,NaN,0,NaN,0.14,8,0,0
US,2020-02-02,8,0,0,0,0,0,NaN,0,NaN,0,8,0,0
US,2020-02-03,11,0,0,3,0,0,NaN,0,NaN,0.38,11,0,0
US,2020-02-04,11,0,0,0,0,0,NaN,0,NaN,0,11,0,0
US,2020-02-05,11,0,0,0,0,0,NaN,0,NaN,0,11,0,0
US,2020-02-06,11,0,0,0,0,0,NaN,0,NaN,0,11,0,0
US,2020-02-07,11,0,0,0,0,0,NaN,0,NaN,0,11,0,0
US,2020-02-08,11,0,0,0,0,0,NaN,0,NaN,0,11,0,0
US,2020-02-09,11,3,0,0,0,3,0,0,0,0,8,0,0
US,2020-02-10,11,3,0,0,0,0,0,0,NaN,0,8,0,0
US,2020-02-11,12,3,0,1,0,0,0,0,NaN,0.09,9,0,0
US,2020-02-12,12,3,0,0,0,0,0,0,NaN,0,9,0,0
US,2020-02-13,13,3,0,1,0,0,0,0,NaN,0.08,10,0,0
US,2020-02-14,13,3,0,0,0,0,0,0,NaN,0,10,0,0
US,2020-02-15,13,3,0,0,0,0,0,0,NaN,0,10,0,0
US,2020-02-16,13,3,0,0,0,0,0,0,NaN,0,10,0,0
US,2020-02-17,13,3,0,0,0,0,0,0,NaN,0,10,0,0
US,2020-02-18,13,3,0,0,0,0,0,0,NaN,0,10,0,0
US,2020-02-19,13,3,0,0,0,0,0,0,NaN,0,10,0,0
US,2020-02-20,13,3,0,0,0,0,0,0,NaN,0,10,0,0
US,2020-02-21,15,5,0,2,0,2,0,0,0,0.15,10,0,0
US,2020-02-22,15,5,0,0,0,0,0,0,NaN,0,10,0,0
US,2020-02-23,15,5,0,0,0,0,0,0,NaN,0,10,0,0
US,2020-02-24,51,5,0,36,0,0,0,0,NaN,2.4,46,0,0
US,2020-02-25,51,6,0,0,0,1,0,0,0,0,45,0,0
US,2020-02-26,57,6,0,6,0,0,0,0,NaN,0.12,51,0,0
US,2020-02-27,58,6,0,1,0,0,0,0,NaN,0.02,52,0,0
US,2020-02-28,60,7,0,2,0,1,0,0,0,0.03,53,0,0
US,2020-02-29,68,7,1,8,1,0,12.5,1.5,100,0.13,60,0.014705882352941176,0.02768166089965398
US,2020-03-01,74,7,1,6,0,0,12.5,1.4,NaN,0.09,66,0.013513513513513514,0.02556610664718773
US,2020-03-02,98,7,6,24,5,0,46.2,6.1,100,0.32,85,0.061224489795918366,0.11432736359850063
US,2020-03-03,118,7,7,20,1,0,50,5.9,100,0.2,104,0.059322033898305086,0.11160586038494687
US,2020-03-04,149,7,11,31,4,0,61.1,7.4,100,0.26,131,0.0738255033557047,0.13873248952749875
US,2020-03-05,217,7,12,68,1,0,63.2,5.5,100,0.46,198,0.055299539170506916,0.10575718320626899
US,2020-03-06,262,7,14,45,2,0,66.7,5.3,100,0.21,241,0.05343511450381679,0.10258726181457957
US,2020-03-07,402,7,17,140,3,0,70.8,4.2,100,0.53,378,0.04228855721393035,0.08205242444493949
US,2020-03-08,518,7,21,116,4,0,75,4.1,100,0.29,490,0.04054054054054054,0.07888970051132214
US,2020-03-09,583,7,22,65,1,0,75.9,3.8,100,0.13,554,0.03773584905660377,0.07359461471245024
US,2020-03-10,959,8,28,376,6,1,77.8,2.9,85.7,0.64,923,0.029197080291970802,0.057298128372772726
US,2020-03-11,1281,8,36,322,8,0,81.8,2.8,100,0.34,1237,0.02810304449648712,0.055240800969675694
US,2020-03-12,1663,12,41,382,5,4,77.4,2.5,55.6,0.3,1610,0.02465423932651834,0.04852274522892034
US,2020-03-13,2179,12,49,516,8,0,80.3,2.2,100,0.31,2118,0.022487379531895366,0.0443452362774458
US,2020-03-14,2727,12,58,548,9,0,82.9,2.1,100,0.25,2657,0.021268793546021268,0.04199163346233169
US,2020-03-15,3499,12,73,772,15,0,85.9,2.1,100,0.28,3414,0.020863103743926838,0.04121938730544905
US,2020-03-16,4632,17,99,1133,26,5,85.3,2.1,83.9,0.32,4516,0.021373056994818652,0.042210864721200565
US,2020-03-17,6421,17,133,1789,34,0,88.7,2.1,100,0.39,6271,0.020713284535119142,0.040942689194787746
US,2020-03-18,7783,105,164,1362,31,88,61,2.1,26.1,0.21,7514,0.02107156623409996,0.04141484629102237
US,2020-03-19,13747,121,258,5964,94,16,68.1,1.9,85.5,0.77,13368,0.01876773114133993,0.03701804247453497
US,2020-03-20,19273,147,349,5526,91,26,70.4,1.8,77.8,0.4,18777,0.018108234317438906,0.03575044444448453
US,2020-03-21,25600,176,442,6327,93,29,71.5,1.7,76.2,0.33,24982,0.017265625,0.034114447021484376
US,2020-03-22,33276,178,586,7676,144,2,76.7,1.8,98.6,0.3,32512,0.017610289698281042,0.03481625612064291
US,2020-03-23,43843,178,786,10567,200,0,81.5,1.8,100,0.32,42879,0.017927605318979085,0.03546102658286395
US,2020-03-24,53736,348,1008,9893,222,170,74.3,1.9,56.6,0.23,52380,0.018758374274229567,0.037043390734035744
US,2020-03-25,65778,361,1316,12042,308,13,78.5,2,96,0.22,64101,0.020006689166590652,0.03950331086788329
US,2020-03-26,83836,681,1726,18058,410,320,71.7,2.1,56.2,0.27,81429,0.020587814304117564,0.040584535652583485
US,2020-03-27,101657,869,2265,17821,539,188,72.3,2.2,74.1,0.21,98523,0.02228080702755344,0.04387471547237916
US,2020-03-28,121465,1072,2731,19808,466,203,71.8,2.2,69.7,0.19,117662,0.022483843082369406,0.04426372983787716
US,2020-03-29,140909,2665,3420,19444,689,1593,56.2,2.4,30.2,0.16,134824,0.024270983400634452,0.04749385110963203
US,2020-03-30,161831,5644,4192,20922,772,2979,42.6,2.6,20.6,0.15,151995,0.025903566065834112,0.050232727500765954
US,2020-03-31,188172,7024,5367,26341,1175,1380,43.3,2.9,46,0.16,175781,0.028521777947834958,0.05516541594630645
US,2020-04-01,213242,8474,6501,25070,1134,1450,43.4,3,43.9,0.13,198267,0.030486489528329316,0.05883205381356988
US,2020-04-02,243622,9001,7921,30380,1420,527,46.8,3.3,72.9,0.14,226700,0.032513484003907696,0.06276857928957924
US,2020-04-03,275367,9707,9246,31745,1325,706,48.8,3.4,65.2,0.13,256414,0.03357700813823007,0.06484297306778272
US,2020-04-04,308650,14652,10855,33283,1609,4945,42.6,3.5,24.5,0.12,283143,0.035169285598574435,0.06743216274821695
US,2020-04-05,336802,17448,12375,28152,1520,2796,41.5,3.7,35.2,0.09,306979,0.03674265592247077,0.07023183880269165
US,2020-04-06,366317,19581,13894,29515,1519,2133,41.5,3.8,41.6,0.09,332842,0.03792889764875777,0.0723917540032481
US,2020-04-07,397121,21763,16191,30804,2297,2182,42.7,4.1,51.3,0.08,359167,0.04077094890474188,0.07764530056398283
US,2020-04-08,428654,23559,18270,31533,2079,1796,43.7,4.3,53.7,0.08,386825,0.04262178820213972,0.0810844485792567
US,2020-04-09,462780,25410,20255,34126,1985,1851,44.4,4.4,51.7,0.08,417115,0.04376809715199447,0.08321735996273429
US,2020-04-10,496535,28790,22333,33755,2078,3380,43.7,4.5,38.1,0.07,445412,0.044977695429325226,0.08532450940329808
US,2020-04-11,526396,31270,24342,29861,2009,2480,43.8,4.6,44.8,0.06,470784,0.04624275260450307,0.08760011102318098
US,2020-04-12,555313,32988,26086,28917,1744,1718,44.2,4.7,50.4,0.05,496239,0.046975309420092815,0.08895340208372116
US,2020-04-13,580619,43482,27870,25306,1784,10494,39.1,4.8,14.5,0.05,509267,0.048000496022348564,0.0901022333196354
US,2020-04-14,607670,47763,30262,27051,2392,4281,38.8,5,35.8,0.05,529645,0.049800055951421,0.09320577062285512
US,2020-04-15,636350,52096,32734,28680,2472,4333,38.6,5.1,36.3,0.05,551520,0.05144024514811032,0.0960231382165252
US,2020-04-16,667592,54703,34827,31242,2093,2607,38.9,5.2,44.5,0.05,578062,0.05216809069012211,0.09733997837079139
US,2020-04-17,699706,58545,37411,32114,2584,3842,39,5.3,40.2,0.05,603750,0.05346674174581896,0.09960118296690067
US,2020-04-18,732197,64840,39753,32491,2342,6295,38,5.4,27.1,0.05,627604,0.05429276547158757,0.1008299088647321
US,2020-04-19,758809,70337,40945,26612,1192,5497,36.8,5.4,17.8,0.04,647527,0.05395956031096099,0.1000057619367662
US,2020-04-20,784326,72329,42659,25517,1714,1992,37.1,5.4,46.2,0.03,669338,0.054389373806299934,0.1008048626269704
US,2020-04-21,811865,75204,45086,27539,2427,2875,37.5,5.6,45.8,0.04,691575,0.055533863388617564,0.10283955038458759
US,2020-04-22,840351,77366,47412,28486,2326,2162,38,5.6,51.8,0.04,715573,0.05641928194290243,0.10446124873740678
US,2020-04-23,869170,80203,49724,28819,2312,2837,38.3,5.7,44.9,0.03,739243,0.057208601309295073,0.10586543260545948
US,2020-04-24,905358,99079,51493,36188,1769,18876,34.2,5.7,8.6,0.04,754786,0.05687584358894492,0.10429254557768904
US,2020-04-25,938154,100372,53755,32796,2262,1293,34.9,5.7,63.6,0.04,784027,0.05729869509696702,0.10518392931308693
US,2020-04-26,965785,106988,54881,27631,1126,6616,33.9,5.7,14.5,0.03,803916,0.05682527684733144,0.10412643524386825
US,2020-04-27,988197,111424,56219,22412,1338,4436,33.5,5.7,23.2,0.02,820554,0.05689047831555854,0.10412975301862365
US,2020-04-28,1012582,115936,58355,24385,2136,4512,33.5,5.8,32.1,0.02,838291,0.05762990059076697,0.10534023614495877
US,2020-04-29,1039909,120720,60967,27327,2612,4784,33.6,5.9,35.3,0.03,858222,0.058627245268576385,0.10701147089686516
US,2020-04-30,1069424,153947,62996,29515,2029,33227,29,5.9,5.8,0.03,852481,0.05890647675758165,0.10586320506438977
US,2020-05-01,1103461,164015,64943,34037,1947,10068,28.4,5.9,16.2,0.03,874503,0.05885391509079161,0.1054961845580791
US,2020-05-02,1132539,175382,66369,29078,1426,11367,27.5,5.9,11.1,0.03,890788,0.058601955429349456,0.10469477755114777
US,2020-05-03,1158040,180152,67682,25501,1313,4770,27.3,5.8,21.6,0.02,910206,0.05844530413457221,0.10438263487885775
US,2020-05-04,1180375,187180,68922,22335,1240,7028,26.9,5.8,15,0.02,924273,0.05838991845811713,0.10411117238423323
US,2020-05-05,1204351,189791,71064,23976,2142,2611,27.2,5.9,45.1,0.02,943496,0.05900605388296269,0.10523176035421547
US,2020-05-06,1229331,189910,73455,24980,2391,119,27.9,6,95.3,0.02,965966,0.0597520114598916,0.10670308607028185
US,2020-05-07,1257023,195036,75662,27692,2207,5126,28,6,30.1,0.02,986325,0.06019142052293395,0.1074207097620989
US,2020-05-08,1283929,198993,77180,26906,1518,3957,27.9,6,27.7,0.02,1007756,0.06011235823787764,0.1072945542069465
US,2020-05-09,1309550,212534,78795,25621,1615,13541,27,6,10.7,0.02,1018221,0.06016952388224963,0.10695343650636333
US,2020-05-10,1329260,216169,79526,19710,731,3635,26.9,6,16.7,0.02,1033565,0.059827272316928214,0.10634591781310347
US,2020-05-11,1347881,232733,80682,18621,1156,16564,25.7,6,6.5,0.01,1034466,0.05985839996260797,0.1057982711943556
US,2020-05-12,1369376,230287,82356,21495,1674,-2446,26.3,6,-216.8,0.02,1056733,0.060141261421260486,0.10655163783027662
US,2020-05-13,1390406,243430,84119,21030,1763,13143,25.7,6,11.8,0.02,1062857,0.060499595082299705,0.106746819368147
US,2020-05-14,1417774,246414,85898,27368,1779,2984,25.8,6.1,37.4,0.02,1085462,0.060586525073812895,0.10697217658080278
US,2020-05-15,1442824,250747,87530,25050,1632,4333,25.9,6.1,27.4,0.02,1104547,0.06066574994593935,0.10710812414094685
US,2020-05-16,1467820,268376,88754,24996,1224,17629,24.9,6,6.5,0.02,1110690,0.06046654221907318,0.10622118773235302
US,2020-05-17,1486757,272265,89562,18937,808,3889,24.8,6,17.2,0.01,1124930,0.06023983744485481,0.10581931030884033
